Product_ID,Sale_Date,Sales_Rep,Region,Sales_Amount,Quantity_Sold,Product_Category,Unit_Cost,Unit_Price,Customer_Type,Discount,Payment_Method,Sales_Channel,Region_and_Sales_Rep,Revenue,Cost,Profit,Profit_Margin,Month,Quarter,Year
1052,2023-02-03,Bob,North,5053.97,18,Furniture,152.75,267.22,Returning,0.09,Cash,Online,North-Bob,5053.97,2749.5,2304.4700000000003,0.45597223568798395,2023-02,2023Q1,2023
1093,2023-04-21,Bob,West,4384.02,17,Furniture,3816.39,4209.44,Returning,0.11,Cash,Retail,West-Bob,4384.02,64878.63,-60494.61,-13.79889005980812,2023-04,2023Q2,2023
1015,2023-09-21,David,South,4631.23,30,Food,261.56,371.4,Returning,0.2,Bank Transfer,Retail,South-David,4631.23,7846.8,-3215.5700000000006,-0.6943231063885837,2023-09,2023Q3,2023
1072,2023-08-24,Bob,South,2167.94,39,Clothing,4330.03,4467.75,New,0.02,Credit Card,Retail,South-Bob,2167.94,168871.16999999998,-166703.22999999998,-76.8947618476526,2023-08,2023Q3,2023
1061,2023-03-24,Charlie,East,3750.2,13,Electronics,637.37,692.71,New,0.08,Credit Card,Online,East-Charlie,3750.2,8285.81,-4535.61,-1.2094314969868274,2023-03,2023Q1,2023
1021,2023-02-11,Charlie,West,3761.15,32,Food,900.79,1106.51,New,0.21,Cash,Online,West-Charlie,3761.15,28825.28,-25064.129999999997,-6.663953843904125,2023-02,2023Q1,2023
1083,2023-04-11,Bob,West,618.31,29,Furniture,2408.81,2624.09,Returning,0.14,Cash,Online,West-Bob,618.31,69855.49,-69237.18000000001,-111.9781015995213,2023-04,2023Q2,2023
1087,2023-01-06,Eve,South,7698.92,46,Furniture,3702.51,3964.65,New,0.12,Bank Transfer,Online,South-Eve,7698.92,170315.46000000002,-162616.54,-21.121993734186095,2023-01,2023Q1,2023
1075,2023-06-29,David,South,4223.39,30,Furniture,738.06,1095.4499999999998,New,0.05,Bank Transfer,Online,South-David,4223.39,22141.8,-17918.41,-4.2426605167886455,2023-06,2023Q2,2023
1075,2023-10-09,Charlie,West,8239.58,18,Clothing,2228.35,2682.34,New,0.13,Bank Transfer,Online,West-Charlie,8239.58,40110.299999999996,-31870.719999999994,-3.8680029807344543,2023-10,2023Q4,2023
1088,2023-11-16,Eve,North,8518.45,13,Furniture,2440.11,2517.6,New,0.23,Bank Transfer,Retail,North-Eve,8518.45,31721.43,-23202.98,-2.7238499961847515,2023-11,2023Q4,2023
1100,2023-08-14,Bob,West,2198.74,43,Food,1100.81,1137.44,Returning,0.08,Bank Transfer,Online,West-Bob,2198.74,47334.829999999994,-45136.09,-20.52816158345234,2023-08,2023Q3,2023
1024,2023-11-11,Eve,West,6607.8,21,Food,622.01,641.09,Returning,0.0,Bank Transfer,Retail,West-Eve,6607.8,13062.21,-6454.409999999999,-0.9767865250158901,2023-11,2023Q4,2023
1003,2023-12-31,Alice,South,4775.59,30,Furniture,4190.28,4270.65,New,0.2,Cash,Online,South-Alice,4775.59,125708.4,-120932.81,-25.323114002667733,2023-12,2023Q4,2023
1022,2023-08-17,Charlie,South,8813.55,21,Food,2537.2,2869.6,New,0.29,Bank Transfer,Retail,South-Charlie,8813.55,53281.2,-44467.649999999994,-5.045373317221777,2023-08,2023Q3,2023
1053,2023-10-16,Bob,North,2235.83,48,Furniture,121.19,487.65,New,0.18,Cash,Retail,North-Bob,2235.83,5817.12,-3581.29,-1.6017720488588132,2023-10,2023Q4,2023
1002,2023-05-30,David,North,6810.35,17,Furniture,4024.76,4420.150000000001,Returning,0.04,Cash,Online,North-David,6810.35,68420.92,-61610.57,-9.046608470930275,2023-05,2023Q2,2023
1088,2023-10-04,Bob,East,6116.75,40,Electronics,4904.93,5034.35,New,0.1,Credit Card,Retail,East-Bob,6116.75,196197.2,-190080.45,-31.075399517717745,2023-10,2023Q4,2023
1030,2023-07-17,David,West,3023.48,19,Clothing,3049.33,3209.22,Returning,0.26,Cash,Online,West-David,3023.48,57937.27,-54913.78999999999,-18.16244526175136,2023-07,2023Q3,2023
1038,2023-03-11,Bob,South,1452.35,15,Clothing,2543.36,2790.1000000000004,Returning,0.07,Cash,Online,South-Bob,1452.35,38150.4,-36698.05,-25.26804833545633,2023-03,2023Q1,2023
1002,2023-04-22,Eve,North,6551.23,9,Electronics,4398.16,4439.12,New,0.18,Bank Transfer,Online,North-Eve,6551.23,39583.44,-33032.21000000001,-5.042138651825689,2023-04,2023Q2,2023
1064,2023-01-04,Eve,East,7412.11,10,Electronics,4764.96,5074.42,New,0.12,Cash,Online,East-Eve,7412.11,47649.6,-40237.49,-5.4286147938980935,2023-01,2023Q1,2023
1060,2023-12-16,Eve,East,3224.71,44,Clothing,3784.96,4276.99,New,0.06,Bank Transfer,Retail,East-Eve,3224.71,166538.24,-163313.53,-50.64440833439286,2023-12,2023Q4,2023
1021,2023-11-27,Alice,South,6483.84,31,Furniture,2254.99,2441.79,Returning,0.24,Bank Transfer,Online,South-Alice,6483.84,69904.68999999999,-63420.84999999999,-9.781371841377947,2023-11,2023Q4,2023
1033,2023-11-14,David,South,4011.8,23,Furniture,2981.5,3360.4,Returning,0.22,Bank Transfer,Retail,South-David,4011.8,68574.5,-64562.7,-16.09320005982352,2023-11,2023Q4,2023
1076,2023-12-16,Eve,East,7160.75,30,Clothing,3519.63,3774.65,New,0.2,Credit Card,Retail,East-Eve,7160.75,105588.90000000001,-98428.15000000001,-13.745508501204483,2023-12,2023Q4,2023
1058,2023-04-05,Alice,North,2072.23,33,Furniture,1011.65,1084.28,Returning,0.07,Bank Transfer,Retail,North-Alice,2072.23,33384.45,-31312.219999999998,-15.110397977058529,2023-04,2023Q2,2023
1022,2023-06-01,David,East,8913.13,9,Electronics,2263.65,2558.9500000000003,New,0.03,Cash,Online,East-David,8913.13,20372.850000000002,-11459.720000000003,-1.285712202110819,2023-06,2023Q2,2023
1089,2023-11-07,Bob,West,2945.36,47,Furniture,4157.62,4314.56,New,0.17,Bank Transfer,Retail,West-Bob,2945.36,195408.13999999998,-192462.78,-65.34439932639813,2023-11,2023Q4,2023
1049,2023-05-17,Alice,West,3741.08,1,Furniture,3290.89,3317.75,Returning,0.17,Bank Transfer,Online,West-Alice,3741.08,3290.89,450.19000000000005,0.12033690805863549,2023-05,2023Q2,2023
1091,2023-09-04,Charlie,South,675.11,44,Food,2085.46,2406.58,Returning,0.06,Bank Transfer,Retail,South-Charlie,675.11,91760.24,-91085.13,-134.918946542045,2023-09,2023Q3,2023
1059,2023-08-31,Alice,North,1203.97,35,Food,3333.64,3764.52,Returning,0.02,Credit Card,Online,North-Alice,1203.97,116677.4,-115473.43,-95.9105542496906,2023-08,2023Q3,2023
1042,2023-01-31,Alice,North,5207.03,11,Food,635.2,814.1400000000001,Returning,0.02,Cash,Online,North-Alice,5207.03,6987.200000000001,-1780.170000000001,-0.34187819159866584,2023-01,2023Q1,2023
1092,2023-02-09,David,West,2749.17,34,Furniture,2037.41,2238.65,New,0.3,Credit Card,Online,West-David,2749.17,69271.94,-66522.77,-24.197401397512703,2023-02,2023Q1,2023
1060,2023-08-17,Bob,East,8371.25,16,Clothing,3975.99,4422.59,New,0.24,Cash,Online,East-Bob,8371.25,63615.84,-55244.59,-6.59932387636255,2023-08,2023Q3,2023
1080,2023-02-05,Charlie,South,245.46,9,Electronics,1141.52,1550.19,New,0.28,Credit Card,Retail,South-Charlie,245.46,10273.68,-10028.220000000001,-40.85480322659497,2023-02,2023Q1,2023
1015,2023-08-11,Eve,East,3853.03,32,Furniture,970.51,1330.84,Returning,0.06,Cash,Retail,East-Eve,3853.03,31056.32,-27203.29,-7.06023311523658,2023-08,2023Q3,2023
1062,2023-01-06,Eve,East,3439.72,15,Clothing,4756.55,4888.46,New,0.29,Credit Card,Online,East-Eve,3439.72,71348.25,-67908.53,-19.7424586884979,2023-01,2023Q1,2023
1062,2023-11-18,Alice,East,291.34,12,Furniture,1088.99,1545.0,Returning,0.04,Bank Transfer,Retail,East-Alice,291.34,13067.880000000001,-12776.54,-43.85439692455551,2023-11,2023Q4,2023
1047,2023-08-08,David,North,1331.25,33,Electronics,1341.55,1427.21,Returning,0.15,Credit Card,Online,North-David,1331.25,44271.15,-42939.9,-32.25532394366197,2023-08,2023Q3,2023
1062,2023-03-16,David,West,4195.06,45,Furniture,4849.6,5166.72,Returning,0.25,Credit Card,Online,West-David,4195.06,218232.00000000003,-214036.94000000003,-51.02118682450311,2023-03,2023Q1,2023
1051,2023-01-04,Eve,North,4979.36,14,Electronics,3686.81,3710.92,New,0.1,Bank Transfer,Retail,North-Eve,4979.36,51615.34,-46635.979999999996,-9.36585826290929,2023-01,2023Q1,2023
1055,2023-12-01,Charlie,West,4102.47,8,Furniture,3513.0,3838.42,Returning,0.13,Bank Transfer,Online,West-Charlie,4102.47,28104.0,-24001.53,-5.850507133507374,2023-12,2023Q4,2023
1064,2023-05-14,Bob,South,5356.28,8,Electronics,4271.99,4417.79,Returning,0.04,Cash,Online,South-Bob,5356.28,34175.92,-28819.64,-5.380532757809525,2023-05,2023Q2,2023
1003,2023-04-28,Charlie,South,5991.8,27,Furniture,623.32,853.6600000000001,Returning,0.04,Cash,Online,South-Charlie,5991.8,16829.640000000003,-10837.840000000004,-1.8087786641743722,2023-04,2023Q2,2023
1051,2023-04-04,Bob,East,198.25,12,Electronics,3544.48,3723.66,Returning,0.19,Cash,Online,East-Bob,198.25,42533.76,-42335.51,-213.54607818411097,2023-04,2023Q2,2023
1007,2023-03-03,Eve,West,4694.54,1,Food,2543.26,2637.9100000000003,Returning,0.2,Credit Card,Online,West-Eve,4694.54,2543.26,2151.2799999999997,0.45825150067951276,2023-03,2023Q1,2023
1021,2023-07-13,Bob,West,9638.64,43,Furniture,4154.3,4469.07,Returning,0.23,Cash,Retail,West-Bob,9638.64,178634.9,-168996.26,-17.53320592946723,2023-07,2023Q3,2023
1073,2023-12-01,David,West,5238.42,40,Furniture,2565.3,3007.4700000000003,Returning,0.17,Credit Card,Retail,West-David,5238.42,102612.0,-97373.58,-18.588349158715797,2023-12,2023Q4,2023
1039,2023-07-22,Alice,East,6807.67,42,Clothing,3120.19,3600.14,Returning,0.19,Credit Card,Retail,East-Alice,6807.67,131047.98,-124240.31,-18.250048841967956,2023-07,2023Q3,2023
1018,2023-01-26,Alice,East,3187.45,11,Clothing,2414.82,2519.07,Returning,0.0,Cash,Online,East-Alice,3187.45,26563.02,-23375.57,-7.333627194152066,2023-01,2023Q1,2023
1004,2023-06-22,Eve,South,7762.51,39,Electronics,2416.89,2778.4,Returning,0.05,Cash,Online,South-Eve,7762.51,94258.70999999999,-86496.2,-11.142813342591506,2023-06,2023Q2,2023
1089,2023-10-27,David,North,7751.92,43,Furniture,3851.45,4186.98,Returning,0.3,Credit Card,Online,North-David,7751.92,165612.35,-157860.43,-20.364042714579096,2023-10,2023Q4,2023
1060,2023-05-13,Charlie,West,5260.83,31,Electronics,3161.4,3339.66,Returning,0.02,Bank Transfer,Online,West-Charlie,5260.83,98003.40000000001,-92742.57,-17.628885556081457,2023-05,2023Q2,2023
1014,2023-11-22,David,West,9762.54,17,Food,3184.65,3204.01,New,0.2,Bank Transfer,Online,West-David,9762.54,54139.05,-44376.51,-4.545590594251086,2023-11,2023Q4,2023
1009,2023-04-28,Alice,North,1342.95,33,Clothing,2278.9,2626.9,New,0.05,Credit Card,Online,North-Alice,1342.95,75203.7,-73860.75,-54.99888305595889,2023-04,2023Q2,2023
1090,2023-11-20,Alice,West,267.78,32,Electronics,2678.99,3152.28,Returning,0.22,Cash,Retail,West-Alice,267.78,85727.68,-85459.9,-319.1422062887445,2023-11,2023Q4,2023
1053,2023-10-02,David,East,7724.57,29,Electronics,3741.3,4061.04,Returning,0.21,Credit Card,Online,East-David,7724.57,108497.70000000001,-100773.13,-13.045791545678272,2023-10,2023Q4,2023
1002,2023-07-31,David,East,8090.84,21,Clothing,4138.41,4361.7,Returning,0.07,Credit Card,Retail,East-David,8090.84,86906.61,-78815.77,-9.741358128451434,2023-07,2023Q3,2023
1084,2023-08-13,Alice,West,1290.05,21,Furniture,3497.98,3765.31,New,0.08,Cash,Online,West-Alice,1290.05,73457.58,-72167.53,-55.94165342428588,2023-08,2023Q3,2023
1092,2023-01-20,Charlie,East,2729.27,40,Electronics,4624.16,4731.98,New,0.2,Bank Transfer,Retail,East-Charlie,2729.27,184966.4,-182237.13,-66.77138209118189,2023-01,2023Q1,2023
1060,2023-04-23,Eve,East,273.77,23,Clothing,4110.6,4488.370000000001,New,0.12,Credit Card,Online,East-Eve,273.77,94543.8,-94270.03,-344.34024911422,2023-04,2023Q2,2023
1071,2023-05-20,Eve,West,3003.76,6,Furniture,2831.23,3206.98,Returning,0.06,Bank Transfer,Retail,West-Eve,3003.76,16987.38,-13983.62,-4.6553719338429165,2023-05,2023Q2,2023
1044,2023-02-16,David,South,7754.1,22,Food,3373.46,3454.76,Returning,0.22,Bank Transfer,Retail,South-David,7754.1,74216.12,-66462.01999999999,-8.571210069511611,2023-02,2023Q1,2023
1008,2023-01-01,Eve,North,5227.81,38,Clothing,4635.23,5075.44,Returning,0.05,Cash,Online,North-Eve,5227.81,176138.74,-170910.93,-32.69264376478869,2023-01,2023Q1,2023
1047,2023-03-31,Alice,East,3546.15,37,Electronics,3114.88,3256.78,Returning,0.26,Credit Card,Online,East-Alice,3546.15,115250.56,-111704.41,-31.500193167237708,2023-03,2023Q1,2023
1035,2023-05-22,Alice,South,3780.22,45,Food,4132.79,4624.1,New,0.15,Credit Card,Retail,South-Alice,3780.22,185975.55,-182195.33,-48.197017633894326,2023-05,2023Q2,2023
1078,2023-11-16,David,East,113.4,8,Furniture,3459.61,3657.23,Returning,0.03,Bank Transfer,Online,East-David,113.4,27676.88,-27563.48,-243.0641975308642,2023-11,2023Q4,2023
1081,2023-02-07,David,East,3068.03,41,Furniture,2782.08,2879.24,New,0.21,Bank Transfer,Online,East-David,3068.03,114065.28,-110997.25,-36.178671655753035,2023-02,2023Q1,2023
1036,2023-10-20,David,North,6499.94,49,Clothing,1247.1,1429.4399999999998,New,0.16,Cash,Online,North-David,6499.94,61107.899999999994,-54607.95999999999,-8.401302165866145,2023-10,2023Q4,2023
1050,2023-05-19,Charlie,East,9744.52,35,Clothing,2158.69,2384.38,Returning,0.09,Bank Transfer,Retail,East-Charlie,9744.52,75554.15000000001,-65809.63,-6.753501455176859,2023-05,2023Q2,2023
1004,2023-12-22,Eve,North,8485.9,11,Clothing,4840.33,4884.29,New,0.13,Cash,Online,North-Eve,8485.9,53243.63,-44757.729999999996,-5.274364534109522,2023-12,2023Q4,2023
1002,2023-11-29,David,North,333.59,24,Furniture,3305.94,3599.27,New,0.09,Credit Card,Retail,North-David,333.59,79342.56,-79008.97,-236.8445397044276,2023-11,2023Q4,2023
1006,2023-09-16,Bob,North,8995.75,49,Food,2843.76,3146.6000000000004,New,0.08,Cash,Retail,North-Bob,8995.75,139344.24000000002,-130348.49000000002,-14.490008059361367,2023-09,2023Q3,2023
1054,2023-06-10,Bob,South,7853.66,21,Furniture,4668.14,5040.22,New,0.05,Bank Transfer,Online,South-Bob,7853.66,98030.94,-90177.28,-11.482198108907184,2023-06,2023Q2,2023
1004,2023-06-27,Alice,West,7825.72,2,Electronics,2953.23,2977.52,Returning,0.11,Credit Card,Retail,West-Alice,7825.72,5906.46,1919.2600000000002,0.24525027729077967,2023-06,2023Q2,2023
1054,2023-01-10,Eve,South,4634.16,40,Furniture,2654.11,2929.32,Returning,0.08,Cash,Online,South-Eve,4634.16,106164.40000000001,-101530.24,-21.909092478464277,2023-01,2023Q1,2023
1093,2023-09-18,David,West,4040.25,19,Electronics,3808.59,3844.51,New,0.21,Credit Card,Online,West-David,4040.25,72363.21,-68322.96,-16.910577315760165,2023-09,2023Q3,2023
1063,2023-05-18,Bob,West,3098.87,39,Food,3577.69,3931.25,Returning,0.21,Cash,Retail,West-Bob,3098.87,139529.91,-136431.04,-44.026061112599116,2023-05,2023Q2,2023
1018,2023-06-21,Eve,North,750.38,28,Clothing,1006.14,1043.45,New,0.15,Bank Transfer,Retail,North-Eve,750.38,28171.92,-27421.539999999997,-36.54353794077667,2023-06,2023Q2,2023
1090,2023-01-13,Alice,East,2359.53,17,Clothing,2382.98,2839.73,Returning,0.23,Bank Transfer,Retail,East-Alice,2359.53,40510.66,-38151.130000000005,-16.168953138972594,2023-01,2023Q1,2023
1044,2023-06-17,Charlie,North,2541.38,6,Furniture,2388.95,2742.97,Returning,0.25,Credit Card,Retail,North-Charlie,2541.38,14333.699999999999,-11792.32,-4.640124656682589,2023-06,2023Q2,2023
1034,2023-05-10,Eve,East,4892.36,19,Clothing,1922.21,2180.83,Returning,0.17,Credit Card,Retail,East-Eve,4892.36,36521.99,-31629.629999999997,-6.46510681961262,2023-05,2023Q2,2023
1074,2023-03-25,Eve,West,7499.7,38,Food,2610.6,2836.94,Returning,0.19,Credit Card,Online,West-Eve,7499.7,99202.8,-91703.1,-12.227569102764111,2023-03,2023Q1,2023
1062,2023-11-17,Charlie,North,4790.72,28,Clothing,2094.88,2168.9100000000003,Returning,0.08,Cash,Retail,North-Charlie,4790.72,58656.64,-53865.92,-11.243804689065525,2023-11,2023Q4,2023
1100,2023-11-15,Eve,East,672.66,2,Furniture,1036.76,1189.35,New,0.27,Bank Transfer,Online,East-Eve,672.66,2073.52,-1400.8600000000001,-2.082567716231083,2023-11,2023Q4,2023
1014,2023-04-11,Alice,South,9582.12,38,Food,2091.21,2527.0,Returning,0.01,Credit Card,Online,South-Alice,9582.12,79465.98,-69883.86,-7.293152246058283,2023-04,2023Q2,2023
1095,2023-11-25,Alice,East,9432.97,37,Electronics,407.77,860.95,New,0.1,Credit Card,Retail,East-Alice,9432.97,15087.49,-5654.52,-0.5994421693273699,2023-11,2023Q4,2023
1048,2023-09-30,Charlie,North,7873.38,4,Furniture,2900.14,2910.51,New,0.22,Credit Card,Retail,North-Charlie,7873.38,11600.56,-3727.1799999999994,-0.47339008151518147,2023-09,2023Q3,2023
1015,2023-09-22,David,South,9914.15,22,Electronics,4275.59,4576.72,Returning,0.02,Cash,Retail,South-David,9914.15,94062.98000000001,-84148.83000000002,-8.487750336640056,2023-09,2023Q3,2023
1072,2023-02-07,Bob,East,5490.38,26,Food,3640.17,4002.63,New,0.05,Credit Card,Retail,East-Bob,5490.38,94644.42,-89154.04,-16.23822759080428,2023-02,2023Q1,2023
1078,2023-04-04,David,East,9631.41,49,Furniture,1833.95,2147.14,Returning,0.18,Credit Card,Retail,East-David,9631.41,89863.55,-80232.14,-8.330259017111722,2023-04,2023Q2,2023
1087,2023-04-05,Eve,East,848.49,43,Furniture,481.0,531.02,New,0.17,Cash,Online,East-Eve,848.49,20683.0,-19834.51,-23.376244858513356,2023-04,2023Q2,2023
1062,2023-11-01,Bob,East,3720.24,36,Food,1050.64,1167.3300000000002,New,0.22,Cash,Online,East-Bob,3720.24,37823.04,-34102.8,-9.166827946584093,2023-11,2023Q4,2023
1040,2023-03-10,Charlie,East,2331.27,13,Clothing,2750.18,2882.85,Returning,0.24,Credit Card,Online,East-Charlie,2331.27,35752.34,-33421.07,-14.335992827943567,2023-03,2023Q1,2023
1085,2023-11-14,Charlie,South,2038.75,32,Furniture,1074.93,1492.48,Returning,0.04,Credit Card,Retail,South-Charlie,2038.75,34397.76,-32359.010000000002,-15.871985285101166,2023-11,2023Q4,2023
1080,2023-08-24,Bob,West,1493.95,17,Furniture,2742.67,2979.64,Returning,0.01,Cash,Retail,West-Bob,1493.95,46625.39,-45131.44,-30.20947153519194,2023-08,2023Q3,2023
1082,2023-11-30,Alice,South,6261.9,41,Electronics,1196.42,1444.97,Returning,0.21,Bank Transfer,Online,South-Alice,6261.9,49053.22,-42791.32,-6.833600025551351,2023-11,2023Q4,2023
1053,2023-05-17,Bob,South,7835.09,36,Clothing,4252.17,4720.27,New,0.09,Cash,Retail,South-Bob,7835.09,153078.12,-145243.03,-18.537506269870544,2023-05,2023Q2,2023
1024,2023-03-17,Eve,South,5825.15,46,Electronics,2016.49,2338.66,Returning,0.19,Bank Transfer,Retail,South-Eve,5825.15,92758.54,-86933.39,-14.923802820528227,2023-03,2023Q1,2023
1026,2023-02-04,Alice,West,1554.93,19,Electronics,1265.48,1715.83,New,0.05,Credit Card,Retail,West-Alice,1554.93,24044.12,-22489.19,-14.463152682114305,2023-02,2023Q1,2023
1089,2023-01-01,Charlie,North,8130.13,35,Clothing,4071.01,4304.7,New,0.14,Credit Card,Online,North-Charlie,8130.13,142485.35,-134355.22,-16.5255930716975,2023-01,2023Q1,2023
1060,2023-10-23,Bob,West,6395.95,46,Clothing,1747.05,1830.27,New,0.15,Bank Transfer,Retail,West-Bob,6395.95,80364.3,-73968.35,-11.56487308374831,2023-10,2023Q4,2023
1041,2023-11-16,David,South,3942.84,40,Food,601.86,1067.53,New,0.18,Cash,Online,South-David,3942.84,24074.4,-20131.56,-5.105852634141888,2023-11,2023Q4,2023
1029,2023-03-01,David,East,6773.89,28,Clothing,2873.53,3108.3,New,0.15,Credit Card,Retail,East-David,6773.89,80458.84000000001,-73684.95000000001,-10.87778957142794,2023-03,2023Q1,2023
1015,2023-11-16,Eve,East,2673.06,1,Furniture,2928.74,3027.74,New,0.15,Bank Transfer,Retail,East-Eve,2673.06,2928.74,-255.67999999999984,-0.09565067750069203,2023-11,2023Q4,2023
1045,2023-12-15,David,South,3517.4,42,Clothing,3587.74,3745.91,Returning,0.1,Cash,Online,South-David,3517.4,150685.08,-147167.68,-41.83990447489623,2023-12,2023Q4,2023
1065,2023-11-24,Bob,East,9183.11,18,Food,1239.09,1273.98,New,0.02,Bank Transfer,Retail,East-Bob,9183.11,22303.62,-13120.509999999998,-1.4287654182515508,2023-11,2023Q4,2023
1089,2023-09-24,Bob,South,2975.99,48,Food,2246.67,2486.14,New,0.03,Cash,Retail,South-Bob,2975.99,107840.16,-104864.17,-35.236734666447134,2023-09,2023Q3,2023
1071,2023-12-27,David,East,4752.88,40,Food,1447.72,1875.75,New,0.13,Cash,Retail,East-David,4752.88,57908.8,-53155.920000000006,-11.183939001195066,2023-12,2023Q4,2023
1009,2023-08-17,Bob,West,8912.4,33,Clothing,450.72,918.17,Returning,0.11,Cash,Online,West-Bob,8912.4,14873.76,-5961.360000000001,-0.6688838023428034,2023-08,2023Q3,2023
1088,2023-09-27,Eve,North,7106.44,12,Clothing,4389.24,4856.219999999999,Returning,0.15,Cash,Retail,North-Eve,7106.44,52670.88,-45564.439999999995,-6.4117110677076,2023-09,2023Q3,2023
1001,2023-11-12,Alice,North,715.81,8,Electronics,3657.91,3729.27,New,0.09,Bank Transfer,Retail,North-Alice,715.81,29263.28,-28547.469999999998,-39.88135119654657,2023-11,2023Q4,2023
1008,2023-10-13,Eve,West,1558.3,24,Electronics,1542.24,1739.45,Returning,0.21,Bank Transfer,Retail,West-Eve,1558.3,37013.76,-35455.46,-22.752653532695888,2023-10,2023Q4,2023
1088,2023-10-18,Eve,West,177.63,16,Furniture,3016.9,3040.73,New,0.26,Bank Transfer,Retail,West-Eve,177.63,48270.4,-48092.770000000004,-270.74688960198165,2023-10,2023Q4,2023
1063,2023-08-01,Bob,South,6346.13,4,Electronics,1046.26,1475.29,Returning,0.09,Bank Transfer,Retail,South-Bob,6346.13,4185.04,2161.09,0.340536673531743,2023-08,2023Q3,2023
1011,2023-06-14,Alice,South,4531.97,38,Furniture,4456.67,4642.46,New,0.06,Bank Transfer,Online,South-Alice,4531.97,169353.46,-164821.49,-36.36861894496212,2023-06,2023Q2,2023
1081,2023-01-05,Bob,South,1429.32,44,Food,618.79,938.04,Returning,0.03,Cash,Online,South-Bob,1429.32,27226.76,-25797.44,-18.048750454761706,2023-01,2023Q1,2023
1008,2023-12-05,Charlie,East,9583.55,27,Electronics,68.99,429.29,Returning,0.18,Credit Card,Retail,East-Charlie,9583.55,1862.7299999999998,7720.82,0.8056325683071514,2023-12,2023Q4,2023
1035,2023-03-19,Bob,South,5343.63,9,Clothing,2534.94,2755.56,Returning,0.13,Credit Card,Retail,South-Bob,5343.63,22814.46,-17470.829999999998,-3.269468507362972,2023-03,2023Q1,2023
1035,2023-03-03,Bob,West,2494.74,47,Electronics,2936.48,3096.64,New,0.06,Bank Transfer,Online,West-Bob,2494.74,138014.56,-135519.82,-54.32222195499331,2023-03,2023Q1,2023
1033,2023-05-12,Bob,North,5055.98,16,Furniture,2915.88,3397.36,New,0.2,Bank Transfer,Retail,North-Bob,5055.98,46654.08,-41598.100000000006,-8.227504855636298,2023-05,2023Q2,2023
1005,2023-03-30,Alice,East,6828.24,12,Electronics,319.83,802.4300000000001,New,0.04,Credit Card,Retail,East-Alice,6828.24,3837.96,2990.2799999999997,0.437928368071421,2023-03,2023Q1,2023
1041,2023-08-25,Bob,South,854.77,31,Food,1604.52,1756.34,Returning,0.17,Cash,Retail,South-Bob,854.77,49740.12,-48885.350000000006,-57.19123272927221,2023-08,2023Q3,2023
1028,2023-02-11,Alice,East,2819.57,24,Clothing,2521.03,2766.05,Returning,0.16,Bank Transfer,Retail,East-Alice,2819.57,60504.72,-57685.15,-20.458846561709763,2023-02,2023Q1,2023
1007,2023-03-30,David,East,8088.96,14,Furniture,1122.07,1608.76,New,0.22,Cash,Retail,East-David,8088.96,15708.98,-7620.0199999999995,-0.9420271580030065,2023-03,2023Q1,2023
1073,2023-10-23,Charlie,South,4650.68,45,Clothing,4369.5,4381.89,Returning,0.02,Credit Card,Retail,South-Charlie,4650.68,196627.5,-191976.82,-41.27930109145329,2023-10,2023Q4,2023
1072,2023-11-24,Alice,East,5511.11,25,Clothing,481.19,693.4,New,0.27,Credit Card,Retail,East-Alice,5511.11,12029.75,-6518.64,-1.182817980406851,2023-11,2023Q4,2023
1012,2023-10-22,David,North,4384.88,34,Furniture,2462.55,2521.77,New,0.21,Bank Transfer,Retail,North-David,4384.88,83726.70000000001,-79341.82,-18.09441079345387,2023-10,2023Q4,2023
1034,2023-04-14,Alice,West,534.61,3,Clothing,3472.51,3732.0,New,0.06,Cash,Online,West-Alice,534.61,10417.53,-9882.92,-18.48622360225211,2023-04,2023Q2,2023
1033,2023-01-14,Alice,West,1740.92,24,Clothing,1345.67,1367.76,New,0.06,Bank Transfer,Online,West-Alice,1740.92,32296.08,-30555.160000000003,-17.551156859591483,2023-01,2023Q1,2023
1048,2023-10-15,Charlie,North,4510.86,42,Electronics,3139.99,3349.37,Returning,0.13,Credit Card,Retail,North-Charlie,4510.86,131879.58,-127368.71999999999,-28.236017078783203,2023-10,2023Q4,2023
1023,2023-06-28,Eve,East,2170.94,9,Clothing,4155.46,4273.6,Returning,0.25,Cash,Retail,East-Eve,2170.94,37399.14,-35228.2,-16.227164269855454,2023-06,2023Q2,2023
1062,2023-05-05,Eve,South,594.79,26,Clothing,992.17,1263.49,Returning,0.25,Bank Transfer,Retail,South-Eve,594.79,25796.42,-25201.629999999997,-42.37063501403857,2023-05,2023Q2,2023
1088,2023-12-19,Alice,East,8452.13,20,Clothing,4590.24,5088.28,New,0.16,Bank Transfer,Retail,East-Alice,8452.13,91804.79999999999,-83352.66999999998,-9.861735444201639,2023-12,2023Q4,2023
1037,2023-01-23,Bob,North,9813.81,40,Clothing,2790.11,3192.37,Returning,0.26,Bank Transfer,Online,North-Bob,9813.81,111604.40000000001,-101790.59000000001,-10.3721785932273,2023-01,2023Q1,2023
1099,2023-03-04,David,East,7952.11,10,Furniture,1531.2,1955.56,New,0.0,Credit Card,Online,East-David,7952.11,15312.0,-7359.89,-0.9255266841127702,2023-03,2023Q1,2023
1044,2023-05-23,Bob,West,8552.47,19,Food,2182.75,2504.03,New,0.01,Bank Transfer,Online,West-Bob,8552.47,41472.25,-32919.78,-3.8491546886455024,2023-05,2023Q2,2023
1086,2023-06-02,Bob,East,2495.57,3,Electronics,1595.35,1625.7099999999998,New,0.27,Cash,Online,East-Bob,2495.57,4786.049999999999,-2290.479999999999,-0.9178183741590094,2023-06,2023Q2,2023
1091,2023-05-25,Alice,North,9610.21,24,Clothing,3639.3,3750.63,New,0.23,Bank Transfer,Retail,North-Alice,9610.21,87343.20000000001,-77732.99000000002,-8.088583912318256,2023-05,2023Q2,2023
1035,2023-08-13,Alice,West,2049.56,5,Clothing,3991.69,4454.97,New,0.14,Credit Card,Retail,West-Alice,2049.56,19958.45,-17908.89,-8.737919358301294,2023-08,2023Q3,2023
1065,2023-11-05,Alice,East,9519.16,3,Furniture,4173.04,4362.44,New,0.23,Bank Transfer,Retail,East-Alice,9519.16,12519.119999999999,-2999.959999999999,-0.31514965606208944,2023-11,2023Q4,2023
1099,2023-04-14,Alice,East,9948.71,27,Food,4929.55,4990.33,Returning,0.29,Credit Card,Online,East-Alice,9948.71,133097.85,-123149.14000000001,-12.378402828105354,2023-04,2023Q2,2023
1047,2023-04-14,Eve,West,7146.06,16,Clothing,3966.86,4321.04,Returning,0.23,Credit Card,Retail,West-Eve,7146.06,63469.76,-56323.700000000004,-7.88178380814043,2023-04,2023Q2,2023
1078,2023-02-08,Alice,South,9813.32,49,Furniture,3026.85,3183.58,Returning,0.25,Cash,Retail,South-Alice,9813.32,148315.65,-138502.33,-14.11370769525502,2023-02,2023Q1,2023
1003,2023-07-17,Eve,West,5738.44,15,Electronics,1729.14,1870.88,Returning,0.23,Cash,Online,West-Eve,5738.44,25937.100000000002,-20198.660000000003,-3.5198869379134408,2023-07,2023Q3,2023
1001,2023-05-14,Eve,South,2669.46,35,Electronics,2745.75,3244.76,New,0.05,Bank Transfer,Online,South-Eve,2669.46,96101.25,-93431.79,-35.00025847924299,2023-05,2023Q2,2023
1005,2023-03-08,Alice,North,4426.26,12,Clothing,253.29,683.78,New,0.25,Credit Card,Online,North-Alice,4426.26,3039.48,1386.7800000000002,0.3133073972157081,2023-03,2023Q1,2023
1090,2023-06-28,Charlie,North,5976.25,41,Clothing,3736.88,3946.77,Returning,0.06,Credit Card,Online,North-Charlie,5976.25,153212.08000000002,-147235.83000000002,-24.636825768667645,2023-06,2023Q2,2023
1014,2023-02-11,David,West,823.51,44,Food,2257.48,2747.81,Returning,0.27,Cash,Online,West-David,823.51,99329.12,-98505.61,-119.61677453825698,2023-02,2023Q1,2023
1027,2023-01-15,Bob,West,6261.2,26,Food,149.11,477.67,Returning,0.14,Cash,Retail,West-Bob,6261.2,3876.8600000000006,2384.3399999999992,0.3808119849230178,2023-01,2023Q1,2023
1009,2023-04-21,Eve,North,9813.66,47,Clothing,359.41,733.0,Returning,0.2,Bank Transfer,Retail,North-Eve,9813.66,16892.27,-7078.610000000001,-0.7213017365590413,2023-04,2023Q2,2023
1079,2023-06-06,David,South,1982.07,34,Furniture,1967.96,1993.4,Returning,0.15,Credit Card,Online,South-David,1982.07,66910.64,-64928.57,-32.75796011240774,2023-06,2023Q2,2023
1015,2023-10-16,Charlie,North,7946.69,23,Food,2937.94,3007.53,Returning,0.03,Cash,Retail,North-Charlie,7946.69,67572.62,-59625.92999999999,-7.5032409720273465,2023-10,2023Q4,2023
1090,2023-08-19,Bob,West,9088.2,31,Clothing,2347.81,2668.02,Returning,0.09,Bank Transfer,Retail,West-Bob,9088.2,72782.11,-63693.91,-7.008418608745406,2023-08,2023Q3,2023
1042,2023-06-06,Bob,North,9442.65,20,Food,3115.06,3565.58,Returning,0.3,Credit Card,Retail,North-Bob,9442.65,62301.2,-52858.549999999996,-5.5978512387941946,2023-06,2023Q2,2023
1077,2023-02-07,Eve,West,9605.34,12,Clothing,2427.46,2743.09,New,0.29,Credit Card,Retail,West-Eve,9605.34,29129.52,-19524.18,-2.0326380950596232,2023-02,2023Q1,2023
1051,2023-04-07,Alice,West,5262.45,23,Electronics,3325.43,3401.1,New,0.1,Cash,Online,West-Alice,5262.45,76484.89,-71222.44,-13.534083934289162,2023-04,2023Q2,2023
1063,2023-10-16,Charlie,North,9775.35,4,Clothing,1134.67,1201.39,New,0.3,Bank Transfer,Retail,North-Charlie,9775.35,4538.68,5236.67,0.5357015349834021,2023-10,2023Q4,2023
1096,2023-09-11,Eve,South,7597.37,23,Electronics,608.57,1032.22,New,0.25,Cash,Retail,South-Eve,7597.37,13997.11,-6399.740000000001,-0.8423625544102763,2023-09,2023Q3,2023
1052,2023-07-15,Charlie,East,1700.55,48,Food,3002.35,3080.61,Returning,0.18,Bank Transfer,Retail,East-Charlie,1700.55,144112.8,-142412.25,-83.74481785304755,2023-07,2023Q3,2023
1096,2023-03-27,Alice,North,4821.31,48,Clothing,2449.21,2714.12,New,0.01,Credit Card,Online,North-Alice,4821.31,117562.08,-112740.77,-23.383845884209894,2023-03,2023Q1,2023
1004,2023-11-18,Alice,East,7211.48,1,Food,182.99,211.18,Returning,0.27,Bank Transfer,Retail,East-Alice,7211.48,182.99,7028.49,0.974625180961467,2023-11,2023Q4,2023
1094,2023-01-10,Eve,North,2548.67,25,Electronics,1933.39,1982.92,New,0.17,Bank Transfer,Online,North-Eve,2548.67,48334.75,-45786.08,-17.96469531167236,2023-01,2023Q1,2023
1023,2023-01-05,Alice,East,6442.09,2,Clothing,575.32,914.77,Returning,0.26,Bank Transfer,Online,East-Alice,6442.09,1150.64,5291.45,0.8213871585153265,2023-01,2023Q1,2023
1015,2023-05-03,David,South,6699.34,30,Food,2680.22,3027.92,Returning,0.25,Bank Transfer,Online,South-David,6699.34,80406.59999999999,-73707.26,-11.00216737768198,2023-05,2023Q2,2023
1043,2023-11-26,Bob,South,1710.73,3,Electronics,2009.1,2186.42,New,0.25,Bank Transfer,Online,South-Bob,1710.73,6027.299999999999,-4316.57,-2.523232771974537,2023-11,2023Q4,2023
1029,2023-12-19,Eve,North,5694.34,21,Food,3085.1,3200.75,New,0.21,Cash,Retail,North-Eve,5694.34,64787.1,-59092.759999999995,-10.377455508452252,2023-12,2023Q4,2023
1036,2023-04-28,Charlie,West,7739.11,25,Furniture,4037.73,4446.45,Returning,0.09,Bank Transfer,Online,West-Charlie,7739.11,100943.25,-93204.14,-12.043263372661714,2023-04,2023Q2,2023
1013,2023-10-21,David,East,5039.07,20,Electronics,1533.36,1649.7399999999998,Returning,0.1,Bank Transfer,Online,East-David,5039.07,30667.199999999997,-25628.129999999997,-5.0858848954271325,2023-10,2023Q4,2023
1032,2023-06-08,Eve,West,219.82,49,Electronics,4812.41,5088.0,Returning,0.09,Credit Card,Online,West-Eve,219.82,235808.09,-235588.27,-1071.7326448912747,2023-06,2023Q2,2023
1071,2023-10-30,Alice,West,189.48,22,Electronics,2701.39,3185.81,New,0.01,Bank Transfer,Online,West-Alice,189.48,59430.579999999994,-59241.09999999999,-312.65093941313063,2023-10,2023Q4,2023
1059,2023-08-16,Alice,West,3634.59,21,Clothing,3110.54,3192.99,New,0.17,Credit Card,Online,West-Alice,3634.59,65321.34,-61686.75,-16.972134408557775,2023-08,2023Q3,2023
1086,2023-12-31,Alice,South,9269.32,33,Clothing,3419.33,3890.36,Returning,0.21,Cash,Retail,South-Alice,9269.32,112837.89,-103568.57,-11.173265137032708,2023-12,2023Q4,2023
1028,2023-08-04,Alice,North,2363.9,38,Clothing,3350.32,3449.94,New,0.26,Cash,Online,North-Alice,2363.9,127312.16,-124948.26000000001,-52.856829815136,2023-08,2023Q3,2023
1066,2023-07-03,Charlie,North,6380.2,15,Furniture,2579.31,2867.36,Returning,0.04,Bank Transfer,Retail,North-Charlie,6380.2,38689.65,-32309.45,-5.064018369330116,2023-07,2023Q3,2023
1042,2023-01-15,David,South,2298.55,46,Furniture,2172.38,2367.11,New,0.16,Cash,Retail,South-David,2298.55,99929.48000000001,-97630.93000000001,-42.475008157316566,2023-01,2023Q1,2023
1045,2023-06-06,Bob,South,3284.53,15,Electronics,316.22,799.04,New,0.0,Bank Transfer,Online,South-Bob,3284.53,4743.3,-1458.77,-0.4441335594438169,2023-06,2023Q2,2023
1062,2023-05-16,Charlie,North,8495.62,46,Furniture,159.32,303.36,New,0.03,Cash,Retail,North-Charlie,8495.62,7328.719999999999,1166.9000000000015,0.13735313020120973,2023-05,2023Q2,2023
1057,2023-09-18,Charlie,West,7315.73,25,Food,1821.91,2027.74,New,0.02,Bank Transfer,Retail,West-Charlie,7315.73,45547.75,-38232.020000000004,-5.226002053110217,2023-09,2023Q3,2023
1006,2023-06-06,Bob,East,1044.45,21,Electronics,1701.62,2193.22,New,0.22,Bank Transfer,Retail,East-Bob,1044.45,35734.02,-34689.57,-33.21324141892862,2023-06,2023Q2,2023
1028,2023-02-16,Bob,East,4344.15,24,Electronics,1969.09,2241.96,Returning,0.02,Credit Card,Online,East-Bob,4344.15,47258.159999999996,-42914.009999999995,-9.878574634853768,2023-02,2023Q1,2023
1028,2023-11-20,Alice,East,388.78,5,Food,734.92,991.21,Returning,0.21,Credit Card,Online,East-Alice,388.78,3674.6,-3285.8199999999997,-8.45161788157827,2023-11,2023Q4,2023
1044,2023-11-28,Charlie,West,4860.81,6,Electronics,3703.93,3840.24,New,0.07,Credit Card,Online,West-Charlie,4860.81,22223.579999999998,-17362.769999999997,-3.571991087905101,2023-11,2023Q4,2023
1084,2023-06-22,Eve,North,6658.1,49,Furniture,4291.97,4645.64,Returning,0.26,Credit Card,Online,North-Eve,6658.1,210306.53,-203648.43,-30.58656824018864,2023-06,2023Q2,2023
1030,2023-05-10,Bob,South,1273.18,43,Clothing,4696.64,4713.68,Returning,0.24,Bank Transfer,Online,South-Bob,1273.18,201955.52000000002,-200682.34000000003,-157.62291270676576,2023-05,2023Q2,2023
1062,2023-04-05,Bob,North,2959.96,48,Food,2487.19,2521.4500000000003,New,0.29,Cash,Online,North-Bob,2959.96,119385.12,-116425.15999999999,-39.33335585616022,2023-04,2023Q2,2023
1075,2023-04-25,David,West,4038.58,44,Furniture,3519.29,3822.98,Returning,0.27,Bank Transfer,Online,West-David,4038.58,154848.76,-150810.18000000002,-37.34237776644267,2023-04,2023Q2,2023
1092,2023-08-31,Eve,South,9203.36,47,Food,4284.98,4462.4,New,0.28,Credit Card,Retail,South-Eve,9203.36,201394.05999999997,-192190.69999999995,-20.882666765181405,2023-08,2023Q3,2023
1089,2023-10-19,Eve,West,9933.22,23,Food,2120.54,2597.67,Returning,0.26,Credit Card,Retail,West-Eve,9933.22,48772.42,-38839.2,-3.9100311882753025,2023-10,2023Q4,2023
1062,2023-10-09,Bob,East,544.62,4,Electronics,1581.59,2034.15,Returning,0.21,Cash,Online,East-Bob,544.62,6326.36,-5781.74,-10.616099298593515,2023-10,2023Q4,2023
1097,2023-10-26,Alice,East,7633.98,27,Electronics,4686.79,5046.51,Returning,0.05,Credit Card,Retail,East-Alice,7633.98,126543.33,-118909.35,-15.576324538445217,2023-10,2023Q4,2023
1001,2023-10-10,David,West,3780.07,18,Furniture,2602.6,3013.49,Returning,0.08,Bank Transfer,Online,West-David,3780.07,46846.799999999996,-43066.729999999996,-11.393103831410528,2023-10,2023Q4,2023
1027,2023-03-10,Eve,South,3985.34,21,Food,2511.41,2848.4,Returning,0.06,Bank Transfer,Online,South-Eve,3985.34,52739.61,-48754.270000000004,-12.23340292170806,2023-03,2023Q1,2023
1062,2023-05-28,Bob,South,7567.22,28,Electronics,933.16,1004.7,Returning,0.18,Bank Transfer,Online,South-Bob,7567.22,26128.48,-18561.26,-2.4528505844947017,2023-05,2023Q2,2023
1077,2023-01-11,Eve,North,9192.42,35,Electronics,585.37,970.49,Returning,0.15,Bank Transfer,Retail,North-Eve,9192.42,20487.95,-11295.53,-1.2287874139780386,2023-01,2023Q1,2023
1003,2023-09-11,David,East,9514.19,22,Food,4218.43,4331.42,New,0.26,Bank Transfer,Online,East-David,9514.19,92805.46,-83291.27,-8.754425757736602,2023-09,2023Q3,2023
1070,2023-11-26,David,North,5813.51,40,Furniture,3089.96,3258.45,New,0.29,Cash,Online,North-David,5813.51,123598.4,-117784.89,-20.260546554491174,2023-11,2023Q4,2023
1072,2023-12-26,Charlie,North,3635.5,23,Furniture,1662.83,2074.25,New,0.12,Bank Transfer,Online,North-Charlie,3635.5,38245.09,-34609.59,-9.519898225828634,2023-12,2023Q4,2023
1027,2023-02-07,Bob,West,7896.74,3,Food,999.09,1271.99,New,0.15,Credit Card,Online,West-Bob,7896.74,2997.27,4899.469999999999,0.6204421064895134,2023-02,2023Q1,2023
1009,2023-05-14,David,West,2584.91,40,Furniture,2799.71,3231.08,Returning,0.29,Credit Card,Retail,West-David,2584.91,111988.4,-109403.48999999999,-42.32390682847758,2023-05,2023Q2,2023
1062,2023-07-19,Charlie,North,5684.33,10,Electronics,2940.4,3054.79,Returning,0.08,Credit Card,Online,North-Charlie,5684.33,29404.0,-23719.67,-4.172817200971794,2023-07,2023Q3,2023
1037,2023-01-23,Charlie,East,3649.93,25,Food,1074.62,1382.4299999999998,Returning,0.24,Credit Card,Retail,East-Charlie,3649.93,26865.499999999996,-23215.569999999996,-6.360552120177647,2023-01,2023Q1,2023
1097,2023-10-30,Eve,West,6600.65,49,Electronics,4264.46,4315.52,New,0.07,Cash,Retail,West-Eve,6600.65,208958.54,-202357.89,-30.65726708733231,2023-10,2023Q4,2023
1051,2023-12-12,Eve,North,2479.95,8,Clothing,467.11,792.21,New,0.2,Credit Card,Online,North-Eve,2479.95,3736.88,-1256.9300000000003,-0.5068368313877297,2023-12,2023Q4,2023
1044,2023-10-29,Charlie,North,1996.77,11,Clothing,1812.66,2196.3,New,0.08,Cash,Online,North-Charlie,1996.77,19939.260000000002,-17942.49,-8.985756997551047,2023-10,2023Q4,2023
1024,2023-12-29,Eve,North,9190.57,5,Furniture,3417.9,3714.52,Returning,0.27,Credit Card,Retail,North-Eve,9190.57,17089.5,-7898.93,-0.8594602946280808,2023-12,2023Q4,2023
1079,2023-08-06,David,North,1107.86,45,Clothing,1406.9,1547.35,New,0.17,Cash,Retail,North-David,1107.86,63310.50000000001,-62202.64000000001,-56.14666113046776,2023-08,2023Q3,2023
1059,2023-05-21,Alice,North,5108.98,37,Electronics,4146.99,4172.349999999999,Returning,0.06,Cash,Retail,North-Alice,5108.98,153438.63,-148329.65,-29.033124028671086,2023-05,2023Q2,2023
1032,2023-04-14,David,North,2286.44,45,Clothing,3712.35,3780.88,New,0.07,Cash,Retail,North-David,2286.44,167055.75,-164769.31,-72.06369290250345,2023-04,2023Q2,2023
1096,2023-07-29,Charlie,West,485.41,38,Electronics,3955.66,4270.59,Returning,0.15,Credit Card,Online,West-Charlie,485.41,150315.08,-149829.66999999998,-308.66622030860503,2023-07,2023Q3,2023
1088,2023-04-21,Charlie,East,456.59,29,Furniture,639.58,1107.45,New,0.29,Cash,Retail,East-Charlie,456.59,18547.82,-18091.23,-39.62248406666813,2023-04,2023Q2,2023
1052,2023-04-14,David,North,1834.7,5,Furniture,745.71,856.9100000000001,Returning,0.23,Bank Transfer,Retail,North-David,1834.7,3728.55,-1893.8500000000001,-1.0322396032048837,2023-04,2023Q2,2023
1062,2023-11-12,Eve,South,8681.03,9,Electronics,1468.05,1838.21,New,0.15,Bank Transfer,Retail,South-Eve,8681.03,13212.449999999999,-4531.419999999998,-0.5219910540569492,2023-11,2023Q4,2023
1058,2023-06-20,Eve,West,2896.54,48,Clothing,2614.48,3049.04,New,0.1,Credit Card,Retail,West-Eve,2896.54,125495.04000000001,-122598.50000000001,-42.32584393793975,2023-06,2023Q2,2023
1052,2023-12-22,Charlie,West,9509.55,2,Furniture,3752.68,4017.91,Returning,0.16,Bank Transfer,Online,West-Charlie,9509.55,7505.36,2004.1899999999996,0.21075550367788168,2023-12,2023Q4,2023
1012,2023-11-20,Bob,North,5858.06,1,Food,4190.83,4528.77,Returning,0.22,Bank Transfer,Online,North-Bob,5858.06,4190.83,1667.2300000000005,0.28460445949683005,2023-11,2023Q4,2023
1039,2023-05-13,Eve,West,4422.48,40,Furniture,3536.46,3945.82,New,0.24,Bank Transfer,Online,West-Eve,4422.48,141458.4,-137035.91999999998,-30.98621587887339,2023-05,2023Q2,2023
1002,2023-10-20,David,North,5842.88,30,Clothing,4646.55,4784.28,Returning,0.1,Credit Card,Retail,North-David,5842.88,139396.5,-133553.62,-22.85749835697464,2023-10,2023Q4,2023
1003,2023-11-24,Eve,East,5215.31,11,Food,3706.78,3862.26,New,0.22,Credit Card,Retail,East-Eve,5215.31,40774.58,-35559.270000000004,-6.818246662231009,2023-11,2023Q4,2023
1056,2023-05-07,David,East,7611.88,28,Clothing,1566.03,1576.34,Returning,0.2,Bank Transfer,Online,East-David,7611.88,43848.84,-36236.96,-4.760579515178905,2023-05,2023Q2,2023
1081,2023-04-16,Charlie,West,2896.71,44,Electronics,1362.15,1844.07,New,0.29,Credit Card,Online,West-Charlie,2896.71,59934.600000000006,-57037.89000000001,-19.690576550638486,2023-04,2023Q2,2023
1059,2023-04-02,Eve,West,3595.2,12,Food,3496.15,3955.75,Returning,0.28,Cash,Retail,West-Eve,3595.2,41953.8,-38358.600000000006,-10.669392523364488,2023-04,2023Q2,2023
1002,2023-10-14,David,South,8951.53,39,Clothing,1004.71,1389.35,New,0.24,Bank Transfer,Online,South-David,8951.53,39183.69,-30232.160000000003,-3.377317620563189,2023-10,2023Q4,2023
1002,2023-02-20,Charlie,West,9469.92,26,Food,508.94,557.69,New,0.22,Credit Card,Retail,West-Charlie,9469.92,13232.44,-3762.5200000000004,-0.3973127544900063,2023-02,2023Q1,2023
1092,2023-01-29,Bob,South,8936.33,13,Clothing,2684.5,2913.78,New,0.08,Credit Card,Retail,South-Bob,8936.33,34898.5,-25962.17,-2.9052385039496076,2023-01,2023Q1,2023
1054,2023-10-23,David,East,4252.54,8,Food,4117.13,4177.06,Returning,0.25,Bank Transfer,Retail,East-David,4252.54,32937.04,-28684.5,-6.745262831155028,2023-10,2023Q4,2023
1087,2023-10-24,Bob,East,7825.62,28,Clothing,551.83,569.63,New,0.13,Credit Card,Retail,East-Bob,7825.62,15451.240000000002,-7625.620000000002,-0.9744429195386438,2023-10,2023Q4,2023
1096,2023-08-02,Bob,North,4815.72,30,Electronics,3969.86,4281.79,Returning,0.08,Bank Transfer,Retail,North-Bob,4815.72,119095.8,-114280.08,-23.73063217961177,2023-08,2023Q3,2023
1097,2023-09-24,Alice,East,5025.64,9,Food,4067.28,4548.09,Returning,0.12,Credit Card,Retail,East-Alice,5025.64,36605.520000000004,-31579.880000000005,-6.283752915051616,2023-09,2023Q3,2023
1001,2023-09-14,Eve,South,2126.33,39,Food,2437.26,2889.67,Returning,0.25,Cash,Online,South-Eve,2126.33,95053.14000000001,-92926.81000000001,-43.70291064886448,2023-09,2023Q3,2023
1019,2023-10-29,David,West,5952.19,31,Food,333.69,685.1,New,0.04,Bank Transfer,Online,West-David,5952.19,10344.39,-4392.2,-0.737913272257774,2023-10,2023Q4,2023
1002,2023-04-11,Bob,North,1942.75,21,Food,914.22,971.57,Returning,0.14,Cash,Online,North-Bob,1942.75,19198.62,-17255.87,-8.882187620640844,2023-04,2023Q2,2023
1053,2023-12-12,Alice,South,3382.49,47,Electronics,3551.76,3696.1,Returning,0.15,Bank Transfer,Retail,South-Alice,3382.49,166932.72,-163550.23,-48.352021735467076,2023-12,2023Q4,2023
1044,2023-04-20,Charlie,West,8564.8,34,Food,3573.3,3740.13,Returning,0.01,Credit Card,Online,West-Charlie,8564.8,121492.20000000001,-112927.40000000001,-13.185059779562865,2023-04,2023Q2,2023
1090,2023-07-01,David,North,2150.05,31,Furniture,4496.86,4880.799999999999,New,0.06,Cash,Retail,North-David,2150.05,139402.66,-137252.61000000002,-63.83693867584475,2023-07,2023Q3,2023
1032,2023-11-09,Bob,East,804.47,25,Electronics,2934.3,3337.4,Returning,0.25,Credit Card,Retail,East-Bob,804.47,73357.5,-72553.03,-90.18736559473939,2023-11,2023Q4,2023
1070,2023-01-01,Eve,South,783.18,12,Furniture,664.33,863.03,Returning,0.25,Bank Transfer,Retail,South-Eve,783.18,7971.960000000001,-7188.780000000001,-9.17896269056922,2023-01,2023Q1,2023
1032,2023-11-15,Alice,West,9413.77,1,Food,651.0,865.76,Returning,0.09,Bank Transfer,Retail,West-Alice,9413.77,651.0,8762.77,0.9308459841275069,2023-11,2023Q4,2023
1068,2023-02-24,Bob,North,5118.51,22,Clothing,3619.61,3651.42,Returning,0.26,Bank Transfer,Online,North-Bob,5118.51,79631.42,-74512.91,-14.557539205745423,2023-02,2023Q1,2023
1055,2023-05-29,Eve,North,4153.18,40,Furniture,959.73,1111.41,New,0.23,Bank Transfer,Online,North-Eve,4153.18,38389.2,-34236.02,-8.243326800186843,2023-05,2023Q2,2023
1075,2023-11-05,Bob,East,8127.7,37,Food,1675.51,1906.64,New,0.13,Bank Transfer,Online,East-Bob,8127.7,61993.87,-53866.170000000006,-6.627480098920975,2023-11,2023Q4,2023
1056,2023-05-17,David,West,8374.68,47,Furniture,2461.7,2529.02,Returning,0.22,Cash,Retail,West-David,8374.68,115699.9,-107325.22,-12.815441306414096,2023-05,2023Q2,2023
1017,2023-07-21,David,East,3388.69,1,Food,172.59,404.69,Returning,0.29,Bank Transfer,Online,East-David,3388.69,172.59,3216.1,0.9490688142025384,2023-07,2023Q3,2023
1038,2023-11-09,David,East,6966.82,1,Food,1281.65,1709.71,Returning,0.14,Credit Card,Online,East-David,6966.82,1281.65,5685.17,0.8160351494656098,2023-11,2023Q4,2023
1024,2023-04-27,Alice,West,7734.12,42,Food,2069.05,2363.9,Returning,0.07,Cash,Online,West-Alice,7734.12,86900.1,-79165.98000000001,-10.23593893035019,2023-04,2023Q2,2023
1069,2023-06-03,David,West,6581.04,42,Clothing,1434.2,1482.88,New,0.28,Credit Card,Retail,West-David,6581.04,60236.4,-53655.36,-8.153021406950877,2023-06,2023Q2,2023
1098,2023-10-18,Eve,West,1600.79,21,Furniture,725.03,828.9499999999999,New,0.18,Bank Transfer,Online,West-Eve,1600.79,15225.63,-13624.84,-8.511322534498591,2023-10,2023Q4,2023
1070,2023-03-04,Bob,South,8771.24,15,Electronics,3653.66,3896.19,New,0.03,Credit Card,Retail,South-Bob,8771.24,54804.899999999994,-46033.659999999996,-5.248249962377041,2023-03,2023Q1,2023
1086,2023-09-01,Charlie,West,5437.04,17,Electronics,4075.08,4262.21,New,0.17,Cash,Online,West-Charlie,5437.04,69276.36,-63839.32,-11.741557906507953,2023-09,2023Q3,2023
1011,2023-01-25,Eve,North,2896.48,22,Electronics,1324.52,1510.3,Returning,0.15,Cash,Retail,North-Eve,2896.48,29139.44,-26242.96,-9.060293873943545,2023-01,2023Q1,2023
1016,2023-03-31,Eve,East,4309.76,38,Electronics,3883.38,4152.72,Returning,0.26,Cash,Online,East-Eve,4309.76,147568.44,-143258.68,-33.24052383427383,2023-03,2023Q1,2023
1097,2023-03-16,David,South,471.95,35,Food,1958.49,2254.84,New,0.16,Credit Card,Online,South-David,471.95,68547.15,-68075.2,-144.2423985591694,2023-03,2023Q1,2023
1073,2023-10-21,Alice,West,1365.88,45,Furniture,2558.09,2958.55,New,0.08,Cash,Online,West-Alice,1365.88,115114.05,-113748.17,-83.2783040969924,2023-10,2023Q4,2023
1059,2023-07-29,Bob,South,7678.91,16,Furniture,4287.21,4464.28,Returning,0.2,Credit Card,Retail,South-Bob,7678.91,68595.36,-60916.45,-7.932955328295292,2023-07,2023Q3,2023
1070,2023-12-13,Alice,West,100.12,8,Clothing,3762.27,4166.95,Returning,0.16,Bank Transfer,Online,West-Alice,100.12,30098.16,-29998.04,-299.62085497403115,2023-12,2023Q4,2023
1080,2023-01-17,Bob,South,4224.0,47,Furniture,4035.33,4211.25,Returning,0.07,Bank Transfer,Online,South-Bob,4224.0,189660.51,-185436.51,-43.90068892045455,2023-01,2023Q1,2023
1093,2023-05-08,Bob,East,5272.85,17,Furniture,727.38,764.54,Returning,0.17,Credit Card,Retail,East-Bob,5272.85,12365.46,-7092.609999999999,-1.345118863612657,2023-05,2023Q2,2023
1003,2023-12-30,Alice,East,640.88,17,Furniture,395.11,676.6600000000001,Returning,0.25,Cash,Retail,East-Alice,640.88,6716.87,-6075.99,-9.480698414679814,2023-12,2023Q4,2023
1020,2023-09-08,Eve,North,9733.47,26,Clothing,4472.35,4770.42,New,0.01,Credit Card,Retail,North-Eve,9733.47,116281.1,-106547.63,-10.946520613922887,2023-09,2023Q3,2023
1059,2023-06-28,Bob,North,2338.64,13,Electronics,1969.78,2437.7,New,0.19,Credit Card,Retail,North-Bob,2338.64,25607.14,-23268.5,-9.94958608421989,2023-06,2023Q2,2023
1036,2023-07-01,Alice,West,3111.57,17,Furniture,1475.0,1840.77,Returning,0.1,Credit Card,Online,West-Alice,3111.57,25075.0,-21963.43,-7.058632780236343,2023-07,2023Q3,2023
1019,2023-06-01,Bob,East,3109.03,38,Clothing,3637.25,4096.96,Returning,0.09,Bank Transfer,Online,East-Bob,3109.03,138215.5,-135106.47,-43.45614870232838,2023-06,2023Q2,2023
1090,2023-01-25,Charlie,South,2381.12,17,Clothing,4190.26,4645.35,New,0.12,Credit Card,Retail,South-Charlie,2381.12,71234.42,-68853.3,-28.91635028893966,2023-01,2023Q1,2023
1067,2023-06-29,Eve,South,114.59,48,Food,4319.32,4625.56,Returning,0.1,Bank Transfer,Online,South-Eve,114.59,207327.36,-207212.77,-1808.2971463478486,2023-06,2023Q2,2023
1019,2023-07-17,David,South,7320.51,14,Clothing,1614.19,1882.79,New,0.25,Credit Card,Retail,South-David,7320.51,22598.66,-15278.15,-2.087033553673173,2023-07,2023Q3,2023
1020,2023-12-10,Bob,North,9671.77,45,Electronics,4268.45,4551.599999999999,New,0.08,Bank Transfer,Online,North-Bob,9671.77,192080.25,-182408.48,-18.859886039473643,2023-12,2023Q4,2023
1096,2023-06-10,Charlie,South,2320.51,6,Furniture,252.62,742.0,New,0.22,Credit Card,Retail,South-Charlie,2320.51,1515.72,804.7900000000002,0.3468160016548087,2023-06,2023Q2,2023
1071,2023-06-26,David,North,6664.17,35,Clothing,295.82,684.6700000000001,New,0.03,Credit Card,Online,North-David,6664.17,10353.699999999999,-3689.529999999999,-0.5536368369954546,2023-06,2023Q2,2023
1052,2023-10-12,David,North,7444.77,46,Electronics,3136.42,3198.49,Returning,0.29,Cash,Retail,North-David,7444.77,144275.32,-136830.55000000002,-18.379419377630203,2023-10,2023Q4,2023
1033,2023-03-04,Bob,West,8499.41,14,Clothing,362.38,753.81,Returning,0.19,Cash,Retail,West-Bob,8499.41,5073.32,3426.09,0.4030973914659959,2023-03,2023Q1,2023
1040,2023-05-30,Alice,South,4284.03,47,Clothing,1656.82,1750.38,New,0.21,Credit Card,Online,South-Alice,4284.03,77870.54,-73586.51,-17.176936202594288,2023-05,2023Q2,2023
1039,2023-06-03,Bob,South,3099.02,8,Clothing,3380.14,3609.34,Returning,0.09,Credit Card,Online,South-Bob,3099.02,27041.12,-23942.1,-7.7257003827016275,2023-06,2023Q2,2023
1082,2023-06-05,Charlie,East,3320.42,15,Clothing,1719.47,1832.6,Returning,0.12,Credit Card,Online,East-Charlie,3320.42,25792.05,-22471.629999999997,-6.767707097294919,2023-06,2023Q2,2023
1001,2023-02-18,David,West,7154.95,27,Clothing,939.02,1286.92,Returning,0.07,Credit Card,Retail,West-David,7154.95,25353.54,-18198.59,-2.5434964604923866,2023-02,2023Q1,2023
1011,2023-12-03,Bob,East,8186.12,13,Electronics,1442.69,1882.57,Returning,0.28,Cash,Online,East-Bob,8186.12,18754.97,-10568.850000000002,-1.2910695176713758,2023-12,2023Q4,2023
1092,2023-03-25,Alice,West,1897.98,49,Furniture,2315.0,2467.28,New,0.15,Bank Transfer,Retail,West-Alice,1897.98,113435.0,-111537.02,-58.76617245703327,2023-03,2023Q1,2023
1057,2023-12-27,Bob,South,3772.32,31,Furniture,2403.16,2453.35,Returning,0.19,Credit Card,Online,South-Bob,3772.32,74497.95999999999,-70725.63999999998,-18.748579123722266,2023-12,2023Q4,2023
1089,2023-06-26,Eve,North,9029.21,35,Furniture,3925.85,4082.11,New,0.22,Cash,Online,North-Eve,9029.21,137404.75,-128375.54000000001,-14.217804215429702,2023-06,2023Q2,2023
1050,2023-05-28,Alice,North,8086.27,6,Furniture,3763.26,4102.72,New,0.11,Credit Card,Retail,North-Alice,8086.27,22579.56,-14493.29,-1.7923331771014324,2023-05,2023Q2,2023
1023,2023-04-28,Charlie,North,9850.1,5,Electronics,2311.25,2482.34,Returning,0.22,Credit Card,Retail,North-Charlie,9850.1,11556.25,-1706.1499999999996,-0.17321143947777176,2023-04,2023Q2,2023
1031,2023-12-08,David,North,7567.06,22,Food,4236.05,4382.320000000001,New,0.2,Bank Transfer,Online,North-David,7567.06,93193.1,-85626.04000000001,-11.315628526799047,2023-12,2023Q4,2023
1094,2023-03-04,Bob,North,3992.63,49,Food,615.47,715.84,Returning,0.21,Credit Card,Retail,North-Bob,3992.63,30158.030000000002,-26165.4,-6.55342468498208,2023-03,2023Q1,2023
1042,2023-07-08,Alice,East,5947.31,23,Electronics,1314.0,1567.78,Returning,0.15,Credit Card,Retail,East-Alice,5947.31,30222.0,-24274.69,-4.081625138087639,2023-07,2023Q3,2023
1099,2023-12-26,Eve,West,6644.04,25,Electronics,4148.48,4293.69,New,0.11,Bank Transfer,Online,West-Eve,6644.04,103711.99999999999,-97067.95999999999,-14.609779591935027,2023-12,2023Q4,2023
1007,2023-02-18,Alice,South,876.71,34,Clothing,1921.07,2289.27,Returning,0.07,Bank Transfer,Retail,South-Alice,876.71,65316.38,-64439.67,-73.50169383262424,2023-02,2023Q1,2023
1016,2023-11-23,Eve,East,5490.52,26,Clothing,4906.85,4954.39,New,0.25,Bank Transfer,Online,East-Eve,5490.52,127578.1,-122087.58,-22.23606871480297,2023-11,2023Q4,2023
1090,2023-09-14,Charlie,West,7122.28,47,Clothing,2357.95,2693.33,New,0.18,Bank Transfer,Online,West-Charlie,7122.28,110823.65,-103701.37,-14.560136641637229,2023-09,2023Q3,2023
1060,2023-08-12,David,North,1756.48,5,Furniture,3970.08,4096.48,Returning,0.13,Cash,Retail,North-David,1756.48,19850.4,-18093.920000000002,-10.301238841319003,2023-08,2023Q3,2023
1002,2023-05-21,Charlie,West,7828.25,26,Clothing,2041.42,2291.17,Returning,0.28,Cash,Online,West-Charlie,7828.25,53076.92,-45248.67,-5.780176923322581,2023-05,2023Q2,2023
1001,2023-08-03,Bob,West,5879.35,20,Food,2153.52,2303.7,Returning,0.01,Cash,Retail,West-Bob,5879.35,43070.4,-37191.05,-6.325707773818534,2023-08,2023Q3,2023
1048,2023-07-30,Alice,North,9527.0,6,Furniture,1945.27,2309.43,New,0.26,Credit Card,Online,North-Alice,9527.0,11671.619999999999,-2144.619999999999,-0.22510968825443467,2023-07,2023Q3,2023
1012,2023-11-14,Eve,North,519.98,6,Clothing,3609.42,4082.62,Returning,0.3,Bank Transfer,Retail,North-Eve,519.98,21656.52,-21136.54,-40.6487557213739,2023-11,2023Q4,2023
1069,2023-02-01,Eve,North,2726.73,18,Furniture,2760.21,3219.58,New,0.27,Bank Transfer,Retail,North-Eve,2726.73,49683.78,-46957.049999999996,-17.221011981384294,2023-02,2023Q1,2023
1037,2023-06-07,Alice,South,6055.38,4,Food,4721.7,5017.58,New,0.24,Cash,Retail,South-Alice,6055.38,18886.8,-12831.419999999998,-2.1190115236368317,2023-06,2023Q2,2023
1032,2023-10-12,Alice,North,3035.94,17,Clothing,1291.91,1528.59,Returning,0.11,Credit Card,Retail,North-Alice,3035.94,21962.47,-18926.530000000002,-6.234158119066913,2023-10,2023Q4,2023
1009,2023-11-01,Bob,South,7172.8,14,Food,547.79,958.76,Returning,0.07,Credit Card,Retail,South-Bob,7172.8,7669.0599999999995,-496.2599999999993,-0.06918637073388346,2023-11,2023Q4,2023
1099,2023-10-13,Charlie,North,7614.15,14,Food,1996.64,2341.4700000000003,Returning,0.22,Credit Card,Online,North-Charlie,7614.15,27952.960000000003,-20338.810000000005,-2.6711858841761726,2023-10,2023Q4,2023
1019,2023-05-24,Eve,South,1114.91,13,Food,3102.73,3202.68,New,0.09,Cash,Online,South-Eve,1114.91,40335.49,-39220.579999999994,-35.17824757155285,2023-05,2023Q2,2023
1048,2023-01-19,Bob,West,5187.16,7,Clothing,4310.95,4723.2,Returning,0.05,Credit Card,Retail,West-Bob,5187.16,30176.649999999998,-24989.489999999998,-4.8175668381156544,2023-01,2023Q1,2023
1080,2023-01-18,Charlie,East,5138.02,44,Electronics,1763.67,1983.82,New,0.24,Credit Card,Online,East-Charlie,5138.02,77601.48000000001,-72463.46,-14.10338223673711,2023-01,2023Q1,2023
1003,2023-09-14,Bob,West,3755.88,15,Clothing,3286.24,3388.84,Returning,0.09,Credit Card,Retail,West-Bob,3755.88,49293.6,-45537.72,-12.12438097063804,2023-09,2023Q3,2023
1020,2023-03-19,Eve,West,9335.96,19,Food,1783.48,1931.56,Returning,0.27,Bank Transfer,Retail,West-Eve,9335.96,33886.12,-24550.160000000003,-2.629634231509133,2023-03,2023Q1,2023
1024,2023-06-24,Alice,North,8292.31,43,Clothing,3105.24,3246.33,New,0.25,Cash,Online,North-Alice,8292.31,133525.31999999998,-125233.00999999998,-15.102306836092716,2023-06,2023Q2,2023
1054,2023-07-13,Alice,South,7002.37,47,Food,4429.8,4694.21,New,0.25,Bank Transfer,Online,South-Alice,7002.37,208200.6,-201198.23,-28.732876154787597,2023-07,2023Q3,2023
1033,2023-04-23,Charlie,East,7171.83,44,Electronics,1195.22,1320.06,Returning,0.23,Bank Transfer,Retail,East-Charlie,7171.83,52589.68,-45417.85,-6.332811848579791,2023-04,2023Q2,2023
1024,2023-04-24,David,North,4670.99,35,Furniture,2051.0,2121.55,Returning,0.26,Cash,Retail,North-David,4670.99,71785.0,-67114.01,-14.368262402617004,2023-04,2023Q2,2023
1075,2023-08-10,Charlie,North,9217.85,17,Electronics,4966.66,5037.27,Returning,0.24,Bank Transfer,Retail,North-Charlie,9217.85,84433.22,-75215.37,-8.159752002907402,2023-08,2023Q3,2023
1072,2023-06-15,David,North,6976.49,35,Electronics,4349.36,4645.17,Returning,0.18,Credit Card,Retail,North-David,6976.49,152227.59999999998,-145251.11,-20.820084311738423,2023-06,2023Q2,2023
1036,2023-11-15,Bob,West,7316.91,19,Furniture,2844.97,3215.0,Returning,0.09,Credit Card,Retail,West-Bob,7316.91,54054.42999999999,-46737.51999999999,-6.3876035102249435,2023-11,2023Q4,2023
1038,2023-05-12,Bob,South,8630.74,20,Clothing,2607.31,2774.86,New,0.27,Credit Card,Retail,South-Bob,8630.74,52146.2,-43515.46,-5.041915293474256,2023-05,2023Q2,2023
1084,2023-09-21,Eve,South,2813.31,36,Furniture,1458.77,1485.75,New,0.25,Credit Card,Online,South-Eve,2813.31,52515.72,-49702.41,-17.66687993857769,2023-09,2023Q3,2023
1099,2023-02-24,David,East,8090.0,35,Clothing,2610.19,2682.53,New,0.14,Cash,Retail,East-David,8090.0,91356.65000000001,-83266.65000000001,-10.292540173053153,2023-02,2023Q1,2023
1089,2023-12-25,Eve,South,2032.88,32,Clothing,4248.5,4706.7,New,0.01,Bank Transfer,Retail,South-Eve,2032.88,135952.0,-133919.12,-65.87654952579591,2023-12,2023Q4,2023
1099,2023-05-11,Alice,South,3518.89,48,Food,3441.61,3693.45,Returning,0.19,Bank Transfer,Online,South-Alice,3518.89,165197.28,-161678.38999999998,-45.94584940137373,2023-05,2023Q2,2023
1025,2023-10-15,David,North,3422.54,44,Food,1485.72,1717.97,New,0.02,Credit Card,Retail,North-David,3422.54,65371.68,-61949.14,-18.100340682650895,2023-10,2023Q4,2023
1093,2023-09-23,Charlie,North,9787.4,40,Furniture,1047.25,1075.89,New,0.28,Credit Card,Retail,North-Charlie,9787.4,41890.0,-32102.6,-3.279992643603,2023-09,2023Q3,2023
1018,2024-01-01,Alice,West,8579.72,24,Electronics,1362.78,1729.81,New,0.29,Bank Transfer,Online,West-Alice,8579.72,32706.72,-24127.0,-2.812096432051396,2024-01,2024Q1,2024
1082,2023-06-11,Alice,North,7041.58,17,Furniture,890.31,1159.06,Returning,0.06,Cash,Retail,North-Alice,7041.58,15135.269999999999,-8093.689999999999,-1.1494139099463472,2023-06,2023Q2,2023
1066,2023-03-28,Charlie,North,7297.86,7,Clothing,523.42,632.4399999999999,New,0.2,Bank Transfer,Online,North-Charlie,7297.86,3663.9399999999996,3633.92,0.49794323267368795,2023-03,2023Q1,2023
1054,2023-02-24,Alice,North,5664.52,43,Food,2124.72,2188.66,Returning,0.03,Credit Card,Retail,North-Alice,5664.52,91362.95999999999,-85698.43999999999,-15.128985333267423,2023-02,2023Q1,2023
1035,2023-10-15,David,North,9476.2,1,Furniture,610.83,808.69,New,0.22,Credit Card,Online,North-David,9476.2,610.83,8865.37,0.935540617547118,2023-10,2023Q4,2023
1080,2023-06-27,Eve,West,5012.96,35,Furniture,900.97,1321.18,Returning,0.1,Cash,Online,West-Eve,5012.96,31533.95,-26520.99,-5.290485062717437,2023-06,2023Q2,2023
1061,2023-12-15,Alice,North,3867.13,32,Food,2759.26,3193.25,New,0.2,Bank Transfer,Online,North-Alice,3867.13,88296.32,-84429.19,-21.832519206750227,2023-12,2023Q4,2023
1041,2023-01-08,David,East,1714.05,36,Food,864.77,1170.16,Returning,0.11,Cash,Retail,East-David,1714.05,31131.72,-29417.670000000002,-17.162667366762932,2023-01,2023Q1,2023
1100,2023-11-17,Bob,East,7883.44,13,Food,366.2,732.69,New,0.04,Cash,Retail,East-Bob,7883.44,4760.599999999999,3122.84,0.3961265640380342,2023-11,2023Q4,2023
1033,2023-11-09,David,East,7370.99,6,Clothing,1621.07,1687.5,Returning,0.12,Credit Card,Online,East-David,7370.99,9726.42,-2355.4300000000003,-0.31955408974913824,2023-11,2023Q4,2023
1068,2023-09-04,Eve,East,3905.11,14,Food,1140.58,1438.76,Returning,0.03,Bank Transfer,Online,East-Eve,3905.11,15968.119999999999,-12063.009999999998,-3.0890320631173,2023-09,2023Q3,2023
1033,2023-11-19,David,North,349.41,37,Electronics,2600.76,2937.57,New,0.17,Credit Card,Retail,North-David,349.41,96228.12000000001,-95878.71,-274.40173435219367,2023-11,2023Q4,2023
1014,2023-09-12,Charlie,East,8406.07,48,Furniture,556.72,665.07,Returning,0.01,Bank Transfer,Retail,East-Charlie,8406.07,26722.56,-18316.49,-2.178959965834213,2023-09,2023Q3,2023
1021,2023-11-24,Eve,North,213.04,15,Food,3771.27,4212.55,Returning,0.16,Credit Card,Retail,North-Eve,213.04,56569.05,-56356.01,-264.532529102516,2023-11,2023Q4,2023
1048,2023-02-23,Bob,West,7066.63,47,Food,4535.86,4641.41,New,0.27,Credit Card,Retail,West-Bob,7066.63,213185.41999999998,-206118.78999999998,-29.167904644788248,2023-02,2023Q1,2023
1020,2023-09-06,Charlie,East,9705.55,4,Clothing,3730.0,3893.6,New,0.25,Bank Transfer,Retail,East-Charlie,9705.55,14920.0,-5214.450000000001,-0.5372647608842365,2023-09,2023Q3,2023
1008,2023-08-27,David,South,4432.85,40,Clothing,2687.49,3001.56,Returning,0.26,Bank Transfer,Online,South-David,4432.85,107499.59999999999,-103066.74999999999,-23.250673945655723,2023-08,2023Q3,2023
1007,2023-08-17,Eve,East,2426.24,16,Furniture,4310.31,4633.1,New,0.28,Credit Card,Retail,East-Eve,2426.24,68964.96,-66538.72,-27.424624109733582,2023-08,2023Q3,2023
1067,2023-03-08,Bob,East,7078.22,28,Electronics,3489.85,3842.55,New,0.03,Bank Transfer,Online,East-Bob,7078.22,97715.8,-90637.58,-12.805137449810829,2023-03,2023Q1,2023
1017,2023-02-20,Charlie,North,8189.57,16,Furniture,102.23,167.12,New,0.04,Credit Card,Retail,North-Charlie,8189.57,1635.68,6553.889999999999,0.8002727859948691,2023-02,2023Q1,2023
1033,2023-04-07,Bob,East,5509.66,4,Food,2000.75,2426.99,Returning,0.17,Bank Transfer,Online,East-Bob,5509.66,8003.0,-2493.34,-0.45253972114431745,2023-04,2023Q2,2023
1048,2023-04-02,David,South,9673.65,45,Electronics,4262.21,4533.31,Returning,0.27,Credit Card,Online,South-David,9673.65,191799.45,-182125.80000000002,-18.826999116155744,2023-04,2023Q2,2023
1076,2023-09-21,Bob,North,611.52,26,Electronics,1762.0,2002.95,Returning,0.29,Credit Card,Retail,North-Bob,611.52,45812.0,-45200.48,-73.91496598639456,2023-09,2023Q3,2023
1059,2023-10-18,Alice,North,5097.48,28,Electronics,224.32,715.06,Returning,0.01,Credit Card,Online,North-Alice,5097.48,6280.96,-1183.4800000000005,-0.23216962106766492,2023-10,2023Q4,2023
1086,2023-04-06,Charlie,West,7212.69,32,Electronics,3743.59,4116.38,Returning,0.11,Cash,Online,West-Charlie,7212.69,119794.88,-112582.19,-15.60890458344945,2023-04,2023Q2,2023
1022,2023-03-29,Bob,West,8640.14,45,Furniture,4020.09,4087.91,Returning,0.06,Bank Transfer,Online,West-Bob,8640.14,180904.05000000002,-172263.91000000003,-19.937629482855606,2023-03,2023Q1,2023
1030,2023-03-19,David,East,1874.63,2,Clothing,844.94,1225.64,Returning,0.23,Credit Card,Online,East-David,1874.63,1689.88,184.75,0.09855278108213354,2023-03,2023Q1,2023
1038,2023-10-15,David,West,8020.03,31,Clothing,2709.84,2766.51,New,0.19,Cash,Retail,West-David,8020.03,84005.04000000001,-75985.01000000001,-9.474404709209319,2023-10,2023Q4,2023
1051,2023-04-30,Bob,West,5571.8,3,Food,1000.18,1023.64,Returning,0.04,Credit Card,Online,West-Bob,5571.8,3000.54,2571.26,0.4614774399655408,2023-04,2023Q2,2023
1054,2023-10-29,David,West,4025.88,8,Clothing,3610.21,3817.99,Returning,0.15,Cash,Retail,West-David,4025.88,28881.68,-24855.8,-6.174004192872117,2023-10,2023Q4,2023
1008,2023-06-14,Eve,North,1403.98,24,Clothing,1394.17,1891.02,New,0.21,Credit Card,Online,North-Eve,1403.98,33460.08,-32056.100000000002,-22.83230530349435,2023-06,2023Q2,2023
1027,2023-07-01,Eve,North,8666.43,15,Clothing,1615.26,1710.95,New,0.23,Credit Card,Retail,North-Eve,8666.43,24228.9,-15562.470000000001,-1.795718652317044,2023-07,2023Q3,2023
1027,2023-08-11,Eve,North,1657.0,43,Clothing,4232.61,4572.21,New,0.01,Cash,Retail,North-Eve,1657.0,182002.22999999998,-180345.22999999998,-108.83840072420035,2023-08,2023Q3,2023
1098,2023-11-07,Alice,West,3166.9,31,Food,2407.8,2502.76,Returning,0.27,Cash,Retail,West-Alice,3166.9,74641.8,-71474.90000000001,-22.56935804730178,2023-11,2023Q4,2023
1021,2023-01-07,Bob,North,2971.45,9,Furniture,3365.28,3730.43,New,0.17,Bank Transfer,Online,North-Bob,2971.45,30287.52,-27316.07,-9.192841878544145,2023-01,2023Q1,2023
1030,2023-11-26,Alice,West,8727.0,39,Electronics,2041.75,2299.37,Returning,0.24,Bank Transfer,Retail,West-Alice,8727.0,79628.25,-70901.25,-8.12435544860777,2023-11,2023Q4,2023
1097,2023-09-20,David,North,6759.76,45,Clothing,1525.13,1868.32,Returning,0.24,Cash,Retail,North-David,6759.76,68630.85,-61871.090000000004,-9.152853059871948,2023-09,2023Q3,2023
1028,2023-06-10,Alice,North,7987.15,2,Furniture,3146.12,3255.53,Returning,0.06,Bank Transfer,Online,North-Alice,7987.15,6292.24,1694.9099999999999,0.21220460364460414,2023-06,2023Q2,2023
1064,2023-05-31,David,South,2579.63,8,Clothing,816.54,1191.9,New,0.03,Cash,Retail,South-David,2579.63,6532.32,-3952.6899999999996,-1.532270131763082,2023-05,2023Q2,2023
1097,2023-03-26,David,East,6286.25,7,Clothing,1896.35,2394.2,New,0.22,Bank Transfer,Online,East-David,6286.25,13274.449999999999,-6988.199999999999,-1.1116643467886258,2023-03,2023Q1,2023
1069,2023-05-27,Charlie,West,5760.29,44,Electronics,1084.73,1420.9,Returning,0.05,Credit Card,Online,West-Charlie,5760.29,47728.12,-41967.83,-7.28571478172106,2023-05,2023Q2,2023
1061,2023-04-22,Eve,South,8345.02,39,Electronics,3494.19,3746.0,Returning,0.25,Bank Transfer,Retail,South-Eve,8345.02,136273.41,-127928.39,-15.32990813682891,2023-04,2023Q2,2023
1048,2023-02-05,David,North,9070.26,42,Electronics,4723.83,5186.19,Returning,0.22,Credit Card,Online,North-David,9070.26,198400.86,-189330.59999999998,-20.873778700941315,2023-02,2023Q1,2023
1019,2023-10-12,Charlie,West,220.35,16,Clothing,4977.78,4995.55,New,0.25,Credit Card,Online,West-Charlie,220.35,79644.48,-79424.12999999999,-360.445336963921,2023-10,2023Q4,2023
1004,2023-07-07,Eve,North,6772.8,35,Clothing,2278.87,2646.53,Returning,0.09,Bank Transfer,Online,North-Eve,6772.8,79760.45,-72987.65,-10.776584278289628,2023-07,2023Q3,2023
1035,2023-03-23,David,East,613.17,30,Clothing,1300.03,1745.52,New,0.09,Cash,Retail,East-David,613.17,39000.9,-38387.73,-62.605362297568384,2023-03,2023Q1,2023
1064,2023-01-02,David,South,5533.7,10,Electronics,2242.01,2282.23,Returning,0.2,Credit Card,Online,South-David,5533.7,22420.100000000002,-16886.4,-3.051556824547771,2023-01,2023Q1,2023
1049,2023-10-30,Alice,East,2947.56,38,Food,4243.98,4474.509999999999,New,0.01,Credit Card,Online,East-Alice,2947.56,161271.24,-158323.68,-53.71347148149656,2023-10,2023Q4,2023
1017,2023-07-16,Alice,South,3137.09,18,Furniture,1069.73,1180.04,Returning,0.22,Bank Transfer,Online,South-Alice,3137.09,19255.14,-16118.05,-5.1378984982898155,2023-07,2023Q3,2023
1044,2023-01-11,Eve,North,3594.29,5,Food,4762.87,5050.46,New,0.25,Cash,Retail,North-Eve,3594.29,23814.35,-20220.059999999998,-5.625606169785965,2023-01,2023Q1,2023
1092,2023-08-22,David,East,6250.8,29,Clothing,1742.24,2070.52,New,0.12,Cash,Online,East-David,6250.8,50524.96,-44274.159999999996,-7.082958981250399,2023-08,2023Q3,2023
1030,2023-07-14,Bob,East,3407.09,39,Clothing,4929.73,5088.02,New,0.23,Bank Transfer,Retail,East-Bob,3407.09,192259.46999999997,-188852.37999999998,-55.4292313968812,2023-07,2023Q3,2023
1093,2023-04-29,Alice,North,7353.72,34,Food,4201.11,4436.5,New,0.05,Cash,Online,North-Alice,7353.72,142837.74,-135484.02,-18.42387526313213,2023-04,2023Q2,2023
1046,2023-01-20,Eve,East,4104.82,43,Clothing,4052.42,4199.3,New,0.1,Bank Transfer,Retail,East-Eve,4104.82,174254.06,-170149.24,-41.45108433500129,2023-01,2023Q1,2023
1006,2023-09-18,David,West,776.7,45,Furniture,1623.63,1814.63,New,0.29,Bank Transfer,Retail,West-David,776.7,73063.35,-72286.65000000001,-93.06894553881808,2023-09,2023Q3,2023
1099,2023-10-20,David,South,7859.22,23,Clothing,93.45,181.62,Returning,0.3,Bank Transfer,Retail,South-David,7859.22,2149.35,5709.870000000001,0.7265186621573134,2023-10,2023Q4,2023
1037,2023-09-13,Bob,South,2929.01,5,Furniture,1941.56,2385.48,Returning,0.15,Credit Card,Online,South-Bob,2929.01,9707.8,-6778.789999999999,-2.314362190637792,2023-09,2023Q3,2023
1024,2023-08-10,Eve,South,4384.39,30,Food,1543.96,1558.87,Returning,0.28,Credit Card,Online,South-Eve,4384.39,46318.8,-41934.41,-9.564479893440136,2023-08,2023Q3,2023
1093,2023-08-14,David,West,6885.89,6,Food,235.12,677.5,Returning,0.16,Credit Card,Online,West-David,6885.89,1410.72,5475.17,0.7951288794912494,2023-08,2023Q3,2023
1046,2023-02-22,Alice,South,3391.32,46,Clothing,2551.56,2841.68,New,0.09,Bank Transfer,Retail,South-Alice,3391.32,117371.76,-113980.43999999999,-33.609461802483985,2023-02,2023Q1,2023
1053,2023-12-21,Bob,North,660.2,44,Furniture,2045.0,2217.51,Returning,0.08,Credit Card,Online,North-Bob,660.2,89980.0,-89319.8,-135.29203271735838,2023-12,2023Q4,2023
1095,2023-12-08,Eve,East,3801.82,4,Clothing,3191.05,3555.3500000000004,New,0.28,Credit Card,Online,East-Eve,3801.82,12764.2,-8962.380000000001,-2.3573919859435746,2023-12,2023Q4,2023
1099,2023-12-30,Bob,West,9450.04,29,Electronics,3124.87,3383.67,New,0.05,Credit Card,Retail,West-Bob,9450.04,90621.23,-81171.19,-8.589507557639967,2023-12,2023Q4,2023
1060,2023-10-07,Alice,South,6453.17,23,Electronics,647.7,902.26,New,0.17,Bank Transfer,Online,South-Alice,6453.17,14897.1,-8443.93,-1.3084933451311527,2023-10,2023Q4,2023
1097,2023-03-22,Eve,North,6747.64,6,Electronics,4885.98,4949.95,Returning,0.17,Bank Transfer,Online,North-Eve,6747.64,29315.879999999997,-22568.239999999998,-3.3446123385361397,2023-03,2023Q1,2023
1063,2023-07-21,Bob,East,6359.59,32,Electronics,975.31,1176.17,New,0.22,Bank Transfer,Retail,East-Bob,6359.59,31209.92,-24850.329999999998,-3.907536492132354,2023-07,2023Q3,2023
1085,2023-06-07,Charlie,East,2070.02,42,Clothing,2254.11,2382.23,Returning,0.15,Credit Card,Retail,East-Charlie,2070.02,94672.62000000001,-92602.6,-44.73512333214172,2023-06,2023Q2,2023
1032,2023-04-30,Alice,West,4241.51,18,Electronics,2466.18,2483.87,Returning,0.08,Cash,Online,West-Alice,4241.51,44391.24,-40149.729999999996,-9.46590483106252,2023-04,2023Q2,2023
1087,2023-02-28,Alice,West,7534.3,15,Furniture,4074.66,4261.11,Returning,0.05,Credit Card,Retail,West-Alice,7534.3,61119.899999999994,-53585.59999999999,-7.112220113348286,2023-02,2023Q1,2023
1033,2023-08-03,Alice,West,1103.59,40,Food,541.19,595.2,Returning,0.19,Credit Card,Online,West-Alice,1103.59,21647.600000000002,-20544.010000000002,-18.615618119047838,2023-08,2023Q3,2023
1067,2023-05-08,Charlie,North,2850.74,32,Food,2171.79,2307.64,Returning,0.22,Bank Transfer,Online,North-Charlie,2850.74,69497.28,-66646.54,-23.37868062327676,2023-05,2023Q2,2023
1018,2023-08-12,Charlie,North,2835.56,9,Electronics,3161.09,3216.42,New,0.17,Bank Transfer,Online,North-Charlie,2835.56,28449.81,-25614.25,-9.03322447770458,2023-08,2023Q3,2023
1025,2023-07-28,David,West,4376.99,37,Electronics,1115.02,1174.48,New,0.22,Credit Card,Online,West-David,4376.99,41255.74,-36878.75,-8.425596128846536,2023-07,2023Q3,2023
1095,2023-04-25,Bob,South,9805.65,10,Electronics,3155.97,3263.49,Returning,0.04,Credit Card,Online,South-Bob,9805.65,31559.699999999997,-21754.049999999996,-2.2185219745758817,2023-04,2023Q2,2023
1054,2023-07-28,David,East,768.28,20,Clothing,4622.14,5122.070000000001,New,0.26,Cash,Retail,East-David,768.28,92442.8,-91674.52,-119.32436091008488,2023-07,2023Q3,2023
1058,2023-01-14,Bob,East,5235.14,6,Food,4987.71,4998.78,Returning,0.17,Cash,Retail,East-Bob,5235.14,29926.260000000002,-24691.120000000003,-4.71642019124608,2023-01,2023Q1,2023
1067,2023-01-09,Charlie,North,1875.71,48,Electronics,210.63,533.5799999999999,New,0.04,Bank Transfer,Online,North-Charlie,1875.71,10110.24,-8234.529999999999,-4.390086953740183,2023-01,2023Q1,2023
1046,2023-02-09,Charlie,East,9709.7,3,Furniture,1216.16,1295.37,New,0.14,Cash,Retail,East-Charlie,9709.7,3648.4800000000005,6061.22,0.6242437974396737,2023-02,2023Q1,2023
1024,2023-08-25,David,South,1221.7,42,Electronics,1586.02,2047.13,New,0.25,Cash,Retail,South-David,1221.7,66612.84,-65391.14,-53.52471146762707,2023-08,2023Q3,2023
1032,2023-10-08,Eve,East,4095.65,11,Food,2025.67,2081.55,New,0.27,Bank Transfer,Online,East-Eve,4095.65,22282.370000000003,-18186.72,-4.440496624467423,2023-10,2023Q4,2023
1047,2023-12-25,David,North,7405.06,43,Electronics,1249.17,1727.15,New,0.08,Cash,Retail,North-David,7405.06,53714.310000000005,-46309.25000000001,-6.253730557213582,2023-12,2023Q4,2023
1086,2023-07-20,Bob,North,7075.09,17,Food,1057.27,1366.62,New,0.21,Credit Card,Retail,North-Bob,7075.09,17973.59,-10898.5,-1.5404044330178133,2023-07,2023Q3,2023
1023,2023-09-03,David,South,4285.01,32,Electronics,4775.04,4785.66,New,0.03,Cash,Online,South-David,4285.01,152801.28,-148516.27,-34.65949204319243,2023-09,2023Q3,2023
1066,2023-10-05,Alice,South,3530.59,4,Furniture,4596.68,5044.740000000001,New,0.01,Bank Transfer,Online,South-Alice,3530.59,18386.72,-14856.130000000001,-4.207832118711037,2023-10,2023Q4,2023
1027,2023-08-23,Bob,East,4036.36,4,Electronics,282.61,548.25,New,0.17,Credit Card,Online,East-Bob,4036.36,1130.44,2905.92,0.7199357837259313,2023-08,2023Q3,2023
1002,2023-01-04,Bob,East,2716.34,17,Furniture,1727.12,1865.83,New,0.21,Cash,Online,East-Bob,2716.34,29361.039999999997,-26644.699999999997,-9.809044523145113,2023-01,2023Q1,2023
1090,2023-06-03,Eve,North,2132.8,41,Furniture,2055.49,2441.46,New,0.24,Credit Card,Online,North-Eve,2132.8,84275.09,-82142.29,-38.51382689422355,2023-06,2023Q2,2023
1017,2023-01-29,Charlie,South,4882.09,19,Electronics,1233.12,1697.1899999999998,New,0.1,Credit Card,Online,South-Charlie,4882.09,23429.28,-18547.19,-3.7990266463748106,2023-01,2023Q1,2023
1033,2023-04-19,Bob,South,2758.48,5,Furniture,3162.92,3409.9300000000003,New,0.0,Cash,Online,South-Bob,2758.48,15814.6,-13056.12,-4.733084887329254,2023-04,2023Q2,2023
1009,2023-04-08,Charlie,South,2945.87,32,Clothing,3219.88,3384.5,Returning,0.14,Cash,Retail,South-Charlie,2945.87,103036.16,-100090.29000000001,-33.97647893491567,2023-04,2023Q2,2023
1043,2023-08-03,David,East,6601.89,22,Electronics,4260.0,4656.58,New,0.0,Bank Transfer,Online,East-David,6601.89,93720.0,-87118.11,-13.195934800488951,2023-08,2023Q3,2023
1048,2023-10-20,Alice,South,9688.52,6,Electronics,3717.3,4061.37,New,0.03,Bank Transfer,Retail,South-Alice,9688.52,22303.800000000003,-12615.280000000002,-1.3020853546258873,2023-10,2023Q4,2023
1039,2023-03-16,Eve,North,6076.01,35,Furniture,2735.74,3181.23,New,0.1,Credit Card,Retail,North-Eve,6076.01,95750.9,-89674.89,-14.758845031525622,2023-03,2023Q1,2023
1093,2023-11-22,Charlie,North,862.1,22,Furniture,3285.25,3634.58,New,0.13,Bank Transfer,Online,North-Charlie,862.1,72275.5,-71413.4,-82.83656188377218,2023-11,2023Q4,2023
1042,2023-05-26,Bob,East,848.28,1,Electronics,1406.24,1535.57,New,0.08,Credit Card,Retail,East-Bob,848.28,1406.24,-557.96,-0.657754515018626,2023-05,2023Q2,2023
1026,2023-05-08,Charlie,West,9519.09,20,Clothing,2985.63,3452.1400000000003,New,0.17,Credit Card,Retail,West-Charlie,9519.09,59712.600000000006,-50193.51000000001,-5.272931551230213,2023-05,2023Q2,2023
1099,2023-12-07,Bob,East,3043.18,22,Furniture,2471.67,2533.04,Returning,0.02,Bank Transfer,Retail,East-Bob,3043.18,54376.740000000005,-51333.560000000005,-16.868394245493203,2023-12,2023Q4,2023
1050,2023-02-11,Charlie,West,1011.46,48,Furniture,710.06,851.3499999999999,Returning,0.04,Bank Transfer,Online,West-Charlie,1011.46,34082.88,-33071.42,-32.69671563877958,2023-02,2023Q1,2023
1025,2023-12-22,Bob,South,6030.54,11,Food,1250.59,1515.4899999999998,Returning,0.21,Bank Transfer,Retail,South-Bob,6030.54,13756.49,-7725.95,-1.2811373442510952,2023-12,2023Q4,2023
1024,2023-02-10,David,East,6274.12,13,Clothing,1493.88,1781.09,New,0.04,Cash,Retail,East-David,6274.12,19420.440000000002,-13146.320000000003,-2.0953249220607835,2023-02,2023Q1,2023
1013,2023-02-03,Bob,North,6520.2,42,Clothing,4625.33,4642.83,New,0.19,Credit Card,Online,North-Bob,6520.2,194263.86,-187743.65999999997,-28.794156620962543,2023-02,2023Q1,2023
1060,2023-01-17,Bob,South,2747.28,3,Electronics,1190.41,1582.89,New,0.02,Credit Card,Retail,South-Bob,2747.28,3571.2300000000005,-823.9500000000003,-0.2999148248449376,2023-01,2023Q1,2023
1007,2023-06-14,Alice,North,249.6,9,Clothing,1481.76,1668.95,Returning,0.12,Credit Card,Retail,North-Alice,249.6,13335.84,-13086.24,-52.42884615384615,2023-06,2023Q2,2023
1057,2023-06-02,Bob,South,9653.65,12,Electronics,1878.3,2087.45,New,0.05,Bank Transfer,Retail,South-Bob,9653.65,22539.6,-12885.949999999999,-1.3348267235708773,2023-06,2023Q2,2023
1036,2023-03-17,Alice,East,2583.84,23,Food,3335.53,3742.12,New,0.03,Bank Transfer,Retail,East-Alice,2583.84,76717.19,-74133.35,-28.69115347699548,2023-03,2023Q1,2023
1045,2023-03-28,Eve,West,6792.66,14,Clothing,635.28,831.13,Returning,0.17,Bank Transfer,Retail,West-Eve,6792.66,8893.92,-2101.26,-0.3093427317133495,2023-03,2023Q1,2023
1020,2023-04-27,Alice,South,7095.64,33,Furniture,4772.03,4805.17,Returning,0.28,Bank Transfer,Online,South-Alice,7095.64,157476.99,-150381.34999999998,-21.19348642264827,2023-04,2023Q2,2023
1065,2023-12-28,David,West,6139.07,18,Food,4334.58,4431.04,New,0.02,Bank Transfer,Retail,West-David,6139.07,78022.44,-71883.37,-11.709162788500539,2023-12,2023Q4,2023
1008,2023-12-08,Alice,South,3197.78,49,Electronics,2907.22,3385.61,New,0.13,Cash,Online,South-Alice,3197.78,142453.78,-139256.0,-43.54771122466211,2023-12,2023Q4,2023
1016,2023-01-27,Eve,North,2783.85,41,Food,3386.49,3430.99,New,0.21,Bank Transfer,Retail,North-Eve,2783.85,138846.09,-136062.24,-48.875564416186215,2023-01,2023Q1,2023
1014,2023-11-09,David,North,6016.92,9,Electronics,132.47,316.39,New,0.14,Credit Card,Online,North-David,6016.92,1192.23,4824.6900000000005,0.8018537723619394,2023-11,2023Q4,2023
1076,2023-10-14,Charlie,South,8674.35,23,Food,1727.78,1984.34,Returning,0.24,Bank Transfer,Online,South-Charlie,8674.35,39738.94,-31064.590000000004,-3.5812008968971742,2023-10,2023Q4,2023
1087,2023-05-14,Charlie,West,9472.66,10,Electronics,3988.52,4240.23,New,0.05,Credit Card,Online,West-Charlie,9472.66,39885.2,-30412.539999999997,-3.2105596527269,2023-05,2023Q2,2023
1015,2023-08-07,Alice,East,1148.47,19,Clothing,433.54,445.48,New,0.29,Bank Transfer,Retail,East-Alice,1148.47,8237.26,-7088.79,-6.1723771626598865,2023-08,2023Q3,2023
1092,2023-06-17,Alice,East,1632.8,47,Furniture,1447.45,1703.02,Returning,0.12,Bank Transfer,Retail,East-Alice,1632.8,68030.15000000001,-66397.35,-40.66471705046546,2023-06,2023Q2,2023
1098,2023-04-08,Eve,North,9452.89,5,Electronics,2947.22,3145.27,New,0.1,Credit Card,Retail,North-Eve,9452.89,14736.099999999999,-5283.209999999999,-0.5588989187433684,2023-04,2023Q2,2023
1066,2023-09-25,Eve,East,7391.7,47,Food,1319.24,1805.56,New,0.26,Credit Card,Retail,East-Eve,7391.7,62004.28,-54612.58,-7.388365328679465,2023-09,2023Q3,2023
1032,2023-08-25,Bob,North,8841.64,23,Electronics,4673.19,4761.179999999999,Returning,0.17,Credit Card,Retail,North-Bob,8841.64,107483.37,-98641.73,-11.156496984722292,2023-08,2023Q3,2023
1087,2023-11-05,Eve,East,2106.06,30,Electronics,698.74,882.28,Returning,0.15,Credit Card,Online,East-Eve,2106.06,20962.2,-18856.14,-8.953277684396456,2023-11,2023Q4,2023
1063,2023-06-22,Bob,South,5917.1,25,Electronics,3997.1,4212.65,New,0.22,Cash,Online,South-Bob,5917.1,99927.5,-94010.4,-15.887918067972485,2023-06,2023Q2,2023
1086,2023-07-09,David,North,7041.28,28,Food,2564.35,2765.79,Returning,0.17,Credit Card,Online,North-David,7041.28,71801.8,-64760.520000000004,-9.197265269950918,2023-07,2023Q3,2023
1051,2023-05-02,Alice,North,6833.11,34,Furniture,3764.14,4100.4,Returning,0.05,Bank Transfer,Retail,North-Alice,6833.11,127980.76,-121147.65,-17.7295038423207,2023-05,2023Q2,2023
1025,2023-02-15,David,South,4140.7,45,Clothing,1588.04,1703.64,New,0.2,Bank Transfer,Retail,South-David,4140.7,71461.8,-67321.1,-16.258386263192214,2023-02,2023Q1,2023
1058,2023-03-05,Eve,North,252.41,48,Furniture,2596.72,2715.05,Returning,0.04,Cash,Online,North-Eve,252.41,124642.56,-124390.15,-492.80991244403947,2023-03,2023Q1,2023
1063,2023-05-10,David,East,5870.97,47,Electronics,4291.33,4658.64,New,0.24,Credit Card,Retail,East-David,5870.97,201692.51,-195821.54,-33.354205523107765,2023-05,2023Q2,2023
1062,2023-11-06,David,East,2605.71,25,Food,2361.05,2616.19,New,0.3,Bank Transfer,Retail,East-David,2605.71,59026.25000000001,-56420.54000000001,-21.652655130463486,2023-11,2023Q4,2023
1022,2023-12-29,David,North,4557.52,10,Furniture,1830.61,2044.04,New,0.11,Cash,Online,North-David,4557.52,18306.1,-13748.579999999998,-3.0166801242781154,2023-12,2023Q4,2023
1058,2023-07-12,Eve,East,9580.05,14,Electronics,2703.97,2796.88,New,0.13,Bank Transfer,Online,East-Eve,9580.05,37855.579999999994,-28275.529999999995,-2.9515012969660908,2023-07,2023Q3,2023
1058,2023-11-03,David,West,4050.45,42,Clothing,3600.95,3702.84,Returning,0.01,Cash,Retail,West-David,4050.45,151239.9,-147189.44999999998,-36.339036403362584,2023-11,2023Q4,2023
1086,2023-06-30,Bob,North,8414.04,46,Clothing,2245.64,2260.81,New,0.0,Cash,Retail,North-Bob,8414.04,103299.43999999999,-94885.4,-11.277032198563353,2023-06,2023Q2,2023
1049,2023-10-19,Eve,South,1966.55,30,Clothing,4697.44,4752.24,New,0.28,Credit Card,Online,South-Eve,1966.55,140923.19999999998,-138956.65,-70.66011543057638,2023-10,2023Q4,2023
1052,2023-10-09,David,West,6757.36,41,Electronics,1509.98,1792.83,New,0.04,Cash,Retail,West-David,6757.36,61909.18,-55151.82,-8.161740679792109,2023-10,2023Q4,2023
1042,2023-01-29,Eve,North,9772.37,25,Food,2403.54,2850.56,New,0.13,Bank Transfer,Online,North-Eve,9772.37,60088.5,-50316.13,-5.148815486928964,2023-01,2023Q1,2023
1070,2023-05-29,Charlie,South,1108.74,14,Furniture,3796.79,3947.5,Returning,0.24,Bank Transfer,Online,South-Charlie,1108.74,53155.06,-52046.32,-46.9418619333658,2023-05,2023Q2,2023
1015,2023-09-24,Bob,East,182.37,35,Clothing,3461.15,3631.75,Returning,0.27,Credit Card,Online,East-Bob,182.37,121140.25,-120957.88,-663.2553599824532,2023-09,2023Q3,2023
1054,2023-10-23,David,South,4392.47,48,Electronics,4325.02,4391.67,Returning,0.16,Credit Card,Retail,South-David,4392.47,207600.96000000002,-203208.49000000002,-46.2629204069692,2023-10,2023Q4,2023
1060,2023-01-11,Charlie,West,1016.99,34,Electronics,4984.21,5184.64,New,0.17,Cash,Online,West-Charlie,1016.99,169463.14,-168446.15000000002,-165.632061278872,2023-01,2023Q1,2023
1097,2023-06-13,Charlie,East,7509.01,10,Furniture,2162.95,2191.19,Returning,0.2,Credit Card,Online,East-Charlie,7509.01,21629.5,-14120.49,-1.8804729251925354,2023-06,2023Q2,2023
1008,2023-04-23,Eve,North,9154.03,35,Clothing,600.2,1059.8200000000002,Returning,0.29,Bank Transfer,Retail,North-Eve,9154.03,21007.0,-11852.97,-1.2948362633725254,2023-04,2023Q2,2023
1053,2023-07-06,Charlie,East,4396.81,11,Electronics,200.56,540.38,New,0.18,Bank Transfer,Online,East-Charlie,4396.81,2206.16,2190.6500000000005,0.4982362212604139,2023-07,2023Q3,2023
1060,2023-10-22,Bob,North,2661.25,11,Furniture,3648.04,4143.51,Returning,0.17,Credit Card,Retail,North-Bob,2661.25,40128.44,-37467.19,-14.07879379990606,2023-10,2023Q4,2023
1005,2023-08-20,Bob,North,4400.59,21,Food,4376.37,4818.95,New,0.0,Credit Card,Retail,North-Bob,4400.59,91903.77,-87503.18000000001,-19.884420043675963,2023-08,2023Q3,2023
1068,2023-08-15,Alice,South,7262.13,21,Food,1142.53,1384.3,Returning,0.02,Credit Card,Retail,South-Alice,7262.13,23993.13,-16731.0,-2.3038695258829023,2023-08,2023Q3,2023
1006,2023-11-06,Bob,South,189.64,22,Food,834.32,1098.97,Returning,0.17,Cash,Online,South-Bob,189.64,18355.04,-18165.4,-95.78886310904873,2023-11,2023Q4,2023
1096,2023-04-08,Charlie,South,5935.59,45,Clothing,357.92,461.3,Returning,0.28,Cash,Online,South-Charlie,5935.59,16106.400000000001,-10170.810000000001,-1.713529741777987,2023-04,2023Q2,2023
1094,2023-02-24,Bob,West,6171.59,7,Furniture,4122.38,4358.78,Returning,0.26,Bank Transfer,Retail,West-Bob,6171.59,28856.66,-22685.07,-3.6757253803314867,2023-02,2023Q1,2023
1047,2023-04-21,Eve,West,6413.11,17,Furniture,1591.34,2043.82,New,0.29,Cash,Retail,West-Eve,6413.11,27052.78,-20639.67,-3.2183558367157277,2023-04,2023Q2,2023
1099,2023-06-01,Alice,South,2496.02,2,Electronics,2038.4,2073.32,New,0.16,Cash,Retail,South-Alice,2496.02,4076.8,-1580.7800000000002,-0.6333202458313636,2023-06,2023Q2,2023
1055,2023-09-03,Charlie,West,7169.12,12,Electronics,2538.61,2971.75,Returning,0.24,Cash,Online,West-Charlie,7169.12,30463.32,-23294.2,-3.2492411899926354,2023-09,2023Q3,2023
1040,2023-03-10,Alice,East,1004.78,42,Electronics,4205.29,4382.35,New,0.25,Cash,Retail,East-Alice,1004.78,176622.18,-175617.4,-174.78194231573082,2023-03,2023Q1,2023
1052,2023-11-08,Charlie,East,2072.78,18,Furniture,3271.62,3722.38,Returning,0.19,Bank Transfer,Retail,East-Charlie,2072.78,58889.159999999996,-56816.38,-27.4107141134129,2023-11,2023Q4,2023
1016,2023-10-16,Eve,West,8786.95,11,Electronics,3094.57,3565.6000000000004,Returning,0.1,Credit Card,Retail,West-Eve,8786.95,34040.270000000004,-25253.320000000003,-2.87395740273929,2023-10,2023Q4,2023
1013,2023-09-07,Alice,West,7413.36,16,Furniture,919.58,1258.3000000000002,Returning,0.14,Bank Transfer,Online,West-Alice,7413.36,14713.28,-7299.920000000001,-0.9846978967701557,2023-09,2023Q3,2023
1030,2023-02-05,David,East,236.08,49,Furniture,2590.29,2925.86,Returning,0.26,Cash,Retail,East-David,236.08,126924.20999999999,-126688.12999999999,-536.6322009488308,2023-02,2023Q1,2023
1019,2023-08-27,Charlie,North,2558.92,18,Food,3591.14,3822.99,Returning,0.09,Credit Card,Online,North-Charlie,2558.92,64640.52,-62081.6,-24.260860050333733,2023-08,2023Q3,2023
1017,2023-05-28,David,East,2222.62,35,Electronics,4867.64,5287.05,Returning,0.28,Credit Card,Online,East-David,2222.62,170367.40000000002,-168144.78000000003,-75.65160936192423,2023-05,2023Q2,2023
1063,2023-08-15,Alice,East,2780.98,26,Food,1046.96,1528.15,New,0.07,Credit Card,Retail,East-Alice,2780.98,27220.96,-24439.98,-8.788261691921553,2023-08,2023Q3,2023
1019,2023-09-01,David,West,2550.84,16,Clothing,97.24,487.03,New,0.22,Bank Transfer,Retail,West-David,2550.84,1555.84,995.0000000000002,0.39006758557965227,2023-09,2023Q3,2023
1092,2023-12-03,David,East,719.01,6,Clothing,422.74,737.49,Returning,0.19,Credit Card,Retail,East-David,719.01,2536.44,-1817.43,-2.5276838986940375,2023-12,2023Q4,2023
1058,2023-12-31,Alice,West,4643.51,44,Clothing,1910.47,2217.8,New,0.22,Bank Transfer,Online,West-Alice,4643.51,84060.68000000001,-79417.17000000001,-17.102831694127936,2023-12,2023Q4,2023
1055,2023-07-20,Eve,West,7354.06,43,Furniture,4111.7,4537.94,Returning,0.13,Bank Transfer,Online,West-Eve,7354.06,176803.1,-169449.04,-23.041563435707623,2023-07,2023Q3,2023
1090,2023-06-03,David,South,6106.64,47,Furniture,85.35,360.54,New,0.28,Cash,Online,South-David,6106.64,4011.45,2095.1900000000005,0.34310029738121134,2023-06,2023Q2,2023
1090,2023-03-14,David,East,6761.43,47,Furniture,2310.82,2714.71,New,0.19,Cash,Retail,East-David,6761.43,108608.54000000001,-101847.11000000002,-15.06295413839972,2023-03,2023Q1,2023
1062,2023-07-20,Eve,North,903.38,48,Electronics,1679.69,1939.04,New,0.09,Credit Card,Online,North-Eve,903.38,80625.12,-79721.73999999999,-88.24828975624874,2023-07,2023Q3,2023
1023,2023-10-23,David,South,9519.76,42,Food,309.78,350.38,Returning,0.19,Credit Card,Retail,South-David,9519.76,13010.759999999998,-3490.999999999998,-0.36671092548551626,2023-10,2023Q4,2023
1009,2023-01-17,David,West,8401.07,12,Furniture,2278.67,2476.8,New,0.09,Cash,Retail,West-David,8401.07,27344.04,-18942.97,-2.254828254020024,2023-01,2023Q1,2023
1012,2023-05-09,David,West,8070.39,13,Food,1311.01,1538.79,Returning,0.09,Bank Transfer,Retail,West-David,8070.39,17043.13,-8972.740000000002,-1.1118099620960078,2023-05,2023Q2,2023
1001,2023-08-05,Bob,North,8247.54,4,Food,1791.83,1871.22,Returning,0.12,Bank Transfer,Online,North-Bob,8247.54,7167.32,1080.2200000000012,0.1309748118833011,2023-08,2023Q3,2023
1058,2023-03-02,Eve,West,9333.83,39,Food,3542.8,3603.02,Returning,0.26,Cash,Online,West-Eve,9333.83,138169.2,-128835.37000000001,-13.80305512313809,2023-03,2023Q1,2023
1001,2023-04-14,David,East,5488.11,2,Electronics,2631.68,2904.06,New,0.15,Bank Transfer,Online,East-David,5488.11,5263.36,224.75,0.04095216750393123,2023-04,2023Q2,2023
1034,2023-02-11,Eve,South,2082.79,26,Electronics,667.0,718.72,New,0.2,Cash,Retail,South-Eve,2082.79,17342.0,-15259.21,-7.326331507257092,2023-02,2023Q1,2023
1096,2023-01-25,Charlie,West,6206.16,27,Clothing,4809.0,4967.44,New,0.12,Cash,Online,West-Charlie,6206.16,129843.0,-123636.84,-19.92163270041378,2023-01,2023Q1,2023
1048,2023-02-08,Charlie,West,7454.53,27,Clothing,3197.76,3572.61,Returning,0.08,Credit Card,Online,West-Charlie,7454.53,86339.52,-78884.99,-10.582154743491543,2023-02,2023Q1,2023
1089,2023-10-18,David,North,7405.38,15,Food,3841.05,4323.62,Returning,0.29,Credit Card,Retail,North-David,7405.38,57615.75,-50210.37,-6.780255705986729,2023-10,2023Q4,2023
1001,2023-05-11,Eve,East,5262.35,8,Clothing,442.11,803.87,New,0.18,Cash,Retail,East-Eve,5262.35,3536.88,1725.4700000000003,0.3278896310583675,2023-05,2023Q2,2023
1016,2023-08-17,Eve,West,777.74,7,Food,282.94,779.3299999999999,Returning,0.28,Credit Card,Online,West-Eve,777.74,1980.58,-1202.84,-1.5465836912078585,2023-08,2023Q3,2023
1061,2023-04-18,Eve,North,3774.02,47,Electronics,146.27,498.46,New,0.06,Cash,Retail,North-Eve,3774.02,6874.6900000000005,-3100.6700000000005,-0.8215828215006811,2023-04,2023Q2,2023
1064,2023-06-21,Bob,West,9215.59,46,Electronics,984.53,1138.49,New,0.04,Bank Transfer,Online,West-Bob,9215.59,45288.38,-36072.78999999999,-3.9143223602612522,2023-06,2023Q2,2023
1063,2023-04-12,Charlie,North,5886.04,40,Electronics,2101.32,2440.63,New,0.26,Bank Transfer,Retail,North-Charlie,5886.04,84052.8,-78166.76000000001,-13.280025280154401,2023-04,2023Q2,2023
1069,2023-12-20,Eve,North,5429.49,12,Furniture,4682.34,5036.400000000001,New,0.2,Bank Transfer,Retail,North-Eve,5429.49,56188.08,-50758.590000000004,-9.348684683091783,2023-12,2023Q4,2023
1022,2023-01-12,Eve,East,2761.65,13,Food,2312.45,2504.6,Returning,0.06,Bank Transfer,Online,East-Eve,2761.65,30061.85,-27300.199999999997,-9.885467021526985,2023-01,2023Q1,2023
1093,2023-10-02,Bob,West,3747.64,43,Electronics,1486.76,1505.44,New,0.08,Cash,Retail,West-Bob,3747.64,63930.68,-60183.04,-16.058917078481393,2023-10,2023Q4,2023
1067,2023-04-11,Bob,East,8963.93,17,Food,2831.58,3186.15,New,0.24,Bank Transfer,Retail,East-Bob,8963.93,48136.86,-39172.93,-4.370062015209847,2023-04,2023Q2,2023
1076,2023-02-13,Eve,North,6697.98,17,Clothing,604.08,624.71,New,0.14,Bank Transfer,Retail,North-Eve,6697.98,10269.36,-3571.380000000001,-0.5332025476337644,2023-02,2023Q1,2023
1026,2023-11-01,Alice,South,7895.13,36,Clothing,3067.05,3386.33,New,0.2,Bank Transfer,Online,South-Alice,7895.13,110413.8,-102518.67,-12.985051544433087,2023-11,2023Q4,2023
1016,2023-01-17,Eve,West,4598.02,21,Electronics,2863.74,2953.91,New,0.1,Bank Transfer,Retail,West-Eve,4598.02,60138.53999999999,-55540.51999999999,-12.07922540571811,2023-01,2023Q1,2023
1051,2023-11-26,Eve,South,6339.45,8,Food,3970.37,4257.52,New,0.11,Cash,Retail,South-Eve,6339.45,31762.96,-25423.51,-4.010365252506132,2023-11,2023Q4,2023
1086,2023-02-26,Bob,West,2559.0,5,Electronics,4934.1,5191.02,New,0.3,Bank Transfer,Online,West-Bob,2559.0,24670.5,-22111.5,-8.640679953106682,2023-02,2023Q1,2023
1057,2023-11-07,Bob,East,7084.06,26,Clothing,1291.82,1308.4399999999998,Returning,0.07,Credit Card,Online,East-Bob,7084.06,33587.32,-26503.26,-3.7412528973498245,2023-11,2023Q4,2023
1029,2023-10-30,Eve,East,4333.25,16,Electronics,2572.8,2760.6000000000004,Returning,0.15,Credit Card,Retail,East-Eve,4333.25,41164.8,-36831.55,-8.499751918306123,2023-10,2023Q4,2023
1078,2023-01-12,Eve,East,4481.2,36,Food,4548.88,4853.41,Returning,0.25,Credit Card,Retail,East-Eve,4481.2,163759.68,-159278.47999999998,-35.543711505846645,2023-01,2023Q1,2023
1092,2023-11-14,Eve,East,6528.29,28,Clothing,3936.69,4362.51,Returning,0.07,Credit Card,Retail,East-Eve,6528.29,110227.32,-103699.03000000001,-15.884562419867992,2023-11,2023Q4,2023
1069,2023-03-21,Bob,East,9369.18,29,Furniture,2462.66,2908.09,New,0.12,Credit Card,Online,East-Bob,9369.18,71417.14,-62047.96,-6.622560352133271,2023-03,2023Q1,2023
1047,2023-08-04,Eve,South,733.66,47,Clothing,4729.59,4976.68,Returning,0.18,Credit Card,Retail,South-Eve,733.66,222290.73,-221557.07,-301.9887550091323,2023-08,2023Q3,2023
1094,2023-12-05,Eve,East,8264.96,12,Furniture,333.32,700.25,Returning,0.14,Cash,Online,East-Eve,8264.96,3999.84,4265.119999999999,0.5160484745237726,2023-12,2023Q4,2023
1062,2023-09-21,David,North,2994.59,37,Electronics,4658.44,4823.5,Returning,0.14,Credit Card,Online,North-David,2994.59,172362.28,-169367.69,-56.557889393873616,2023-09,2023Q3,2023
1069,2023-05-29,Alice,North,4494.8,30,Electronics,300.01,477.68,New,0.11,Bank Transfer,Retail,North-Alice,4494.8,9000.3,-4505.499999999999,-1.002380528610839,2023-05,2023Q2,2023
1076,2023-03-22,Charlie,South,316.94,23,Food,2759.16,2864.45,Returning,0.18,Credit Card,Retail,South-Charlie,316.94,63460.67999999999,-63143.73999999999,-199.22931785195934,2023-03,2023Q1,2023
1016,2023-08-03,Alice,West,3080.36,16,Furniture,4457.68,4743.030000000001,Returning,0.19,Cash,Online,West-Alice,3080.36,71322.88,-68242.52,-22.154072900570064,2023-08,2023Q3,2023
1090,2023-07-17,David,North,5076.05,14,Electronics,1350.47,1514.61,New,0.2,Credit Card,Retail,North-David,5076.05,18906.58,-13830.530000000002,-2.7246638626491073,2023-07,2023Q3,2023
1090,2023-07-19,Charlie,West,656.14,10,Furniture,2387.63,2438.9700000000003,Returning,0.02,Bank Transfer,Retail,West-Charlie,656.14,23876.300000000003,-23220.160000000003,-35.38903282835981,2023-07,2023Q3,2023
1048,2023-01-25,Eve,South,4961.85,7,Electronics,1655.43,2001.08,New,0.19,Bank Transfer,Online,South-Eve,4961.85,11588.01,-6626.16,-1.3354212642461984,2023-01,2023Q1,2023
1085,2023-03-30,David,West,9278.4,45,Clothing,4763.11,5119.91,Returning,0.29,Cash,Retail,West-David,9278.4,214339.94999999998,-205061.55,-22.100960294878426,2023-03,2023Q1,2023
1039,2023-09-25,Eve,West,1143.39,37,Electronics,4127.05,4313.45,New,0.16,Cash,Online,West-Eve,1143.39,152700.85,-151557.46,-132.55097560762292,2023-09,2023Q3,2023
1100,2023-05-23,Bob,West,7667.96,29,Food,3559.56,3607.15,Returning,0.21,Cash,Retail,West-Bob,7667.96,103227.24,-95559.28,-12.462151602251446,2023-05,2023Q2,2023
1033,2023-02-28,David,West,4155.74,3,Clothing,2958.75,3177.64,Returning,0.17,Cash,Online,West-David,4155.74,8876.25,-4720.51,-1.135901187273506,2023-02,2023Q1,2023
1094,2023-12-31,Bob,South,6586.22,15,Food,4111.93,4338.67,Returning,0.26,Credit Card,Online,South-Bob,6586.22,61678.950000000004,-55092.73,-8.364848122291693,2023-12,2023Q4,2023
1023,2023-01-26,David,North,2676.34,36,Clothing,1991.72,2329.37,New,0.28,Credit Card,Retail,North-David,2676.34,71701.92,-69025.58,-25.791035518656074,2023-01,2023Q1,2023
1010,2023-02-16,David,East,1678.97,47,Furniture,2265.38,2429.9300000000003,Returning,0.06,Bank Transfer,Online,East-David,1678.97,106472.86,-104793.89,-62.41558217240332,2023-02,2023Q1,2023
1069,2023-10-15,Bob,West,1688.58,46,Food,3663.51,4007.980000000001,New,0.13,Cash,Online,West-Bob,1688.58,168521.46000000002,-166832.88000000003,-98.8006964431653,2023-10,2023Q4,2023
1100,2023-09-23,Charlie,North,797.87,19,Electronics,1820.89,2257.92,New,0.12,Cash,Retail,North-Charlie,797.87,34596.91,-33799.04,-42.361587727324,2023-09,2023Q3,2023
1034,2023-01-16,Alice,North,1937.9,13,Furniture,366.31,492.68,New,0.12,Credit Card,Retail,North-Alice,1937.9,4762.03,-2824.1299999999997,-1.4573146189173845,2023-01,2023Q1,2023
1052,2023-07-18,Eve,South,6675.77,42,Electronics,417.96,907.63,New,0.04,Cash,Retail,South-Eve,6675.77,17554.32,-10878.55,-1.6295573394529768,2023-07,2023Q3,2023
1095,2023-10-09,David,North,8828.74,21,Clothing,621.05,820.3699999999999,Returning,0.24,Bank Transfer,Online,North-David,8828.74,13042.05,-4213.3099999999995,-0.47722664842321777,2023-10,2023Q4,2023
1010,2023-03-27,Eve,South,8159.84,37,Clothing,4354.92,4495.88,Returning,0.01,Bank Transfer,Online,South-Eve,8159.84,161132.04,-152972.2,-18.746960724720093,2023-03,2023Q1,2023
1019,2023-09-07,Bob,West,6882.83,27,Electronics,2387.52,2604.06,Returning,0.16,Cash,Online,West-Bob,6882.83,64463.04,-57580.21,-8.365775415054562,2023-09,2023Q3,2023
1058,2023-09-27,Eve,West,1193.28,29,Electronics,3578.77,3635.02,New,0.2,Bank Transfer,Retail,West-Eve,1193.28,103784.33,-102591.05,-85.97399604451596,2023-09,2023Q3,2023
1096,2023-12-01,Bob,East,2962.96,20,Furniture,1994.9,2066.5,Returning,0.06,Bank Transfer,Online,East-Bob,2962.96,39898.0,-36935.04,-12.465588465588466,2023-12,2023Q4,2023
1001,2023-04-27,Eve,East,3167.09,25,Electronics,1330.62,1543.6899999999998,New,0.27,Credit Card,Online,East-Eve,3167.09,33265.5,-30098.41,-9.503490585995346,2023-04,2023Q2,2023
1069,2023-01-07,Alice,East,2574.57,6,Food,1768.6,2152.2,New,0.25,Bank Transfer,Retail,East-Alice,2574.57,10611.599999999999,-8037.029999999999,-3.12169799228609,2023-01,2023Q1,2023
1004,2023-05-17,Alice,North,5198.56,36,Food,3981.2,4432.349999999999,New,0.14,Cash,Online,North-Alice,5198.56,143323.19999999998,-138124.63999999998,-26.569788556831117,2023-05,2023Q2,2023
1016,2023-06-25,Alice,West,5401.98,2,Electronics,3144.82,3480.58,Returning,0.12,Cash,Retail,West-Alice,5401.98,6289.64,-887.6600000000008,-0.16432123036368163,2023-06,2023Q2,2023
1024,2023-11-24,Alice,South,3633.17,22,Food,4691.32,4752.88,Returning,0.07,Bank Transfer,Retail,South-Alice,3633.17,103209.04,-99575.87,-27.40743482963913,2023-11,2023Q4,2023
1080,2023-11-11,Alice,East,3602.51,32,Electronics,3414.54,3753.83,New,0.22,Cash,Retail,East-Alice,3602.51,109265.28,-105662.77,-29.330319693769066,2023-11,2023Q4,2023
1002,2023-08-03,Alice,South,8302.7,16,Furniture,2872.4,3193.76,Returning,0.04,Credit Card,Online,South-Alice,8302.7,45958.4,-37655.7,-4.535355968540354,2023-08,2023Q3,2023
1092,2023-03-23,Bob,South,7914.0,18,Food,3070.47,3475.29,Returning,0.2,Bank Transfer,Online,South-Bob,7914.0,55268.46,-47354.46,-5.9836315390447306,2023-03,2023Q1,2023
1032,2023-08-11,David,East,3147.18,5,Food,4714.74,5129.11,New,0.25,Bank Transfer,Online,East-David,3147.18,23573.699999999997,-20426.519999999997,-6.4904199950431805,2023-08,2023Q3,2023
1091,2023-04-13,Eve,West,9146.51,36,Electronics,3951.59,4387.01,New,0.07,Bank Transfer,Retail,West-Eve,9146.51,142257.24,-133110.72999999998,-14.553171646890451,2023-04,2023Q2,2023
1084,2023-09-30,Alice,East,9532.87,30,Food,169.0,381.92,Returning,0.26,Cash,Retail,East-Alice,9532.87,5070.0,4462.870000000001,0.4681559698181136,2023-09,2023Q3,2023
1024,2023-01-14,Bob,South,3334.75,45,Clothing,2693.99,3045.94,New,0.01,Cash,Retail,South-Bob,3334.75,121229.54999999999,-117894.79999999999,-35.353414798710546,2023-01,2023Q1,2023
1012,2023-06-08,Bob,East,3608.81,19,Furniture,3457.28,3598.7200000000003,New,0.27,Bank Transfer,Online,East-Bob,3608.81,65688.32,-62079.51000000001,-17.202210701034417,2023-06,2023Q2,2023
1050,2023-06-01,Bob,South,5105.78,23,Furniture,3756.06,4255.73,Returning,0.04,Cash,Online,South-Bob,5105.78,86389.38,-81283.6,-15.919918210342006,2023-06,2023Q2,2023
1035,2023-04-18,David,South,9417.1,34,Food,1105.05,1200.96,Returning,0.19,Cash,Online,South-David,9417.1,37571.7,-28154.6,-2.989731445986556,2023-04,2023Q2,2023
1033,2023-07-07,Eve,East,8775.56,13,Food,4342.53,4357.49,New,0.08,Bank Transfer,Online,East-Eve,8775.56,56452.89,-47677.33,-5.432967240837052,2023-07,2023Q3,2023
1033,2023-10-28,David,North,1115.42,43,Clothing,4781.42,4864.34,Returning,0.25,Bank Transfer,Online,North-David,1115.42,205601.06,-204485.63999999998,-183.3261372397841,2023-10,2023Q4,2023
1061,2023-04-08,Charlie,East,3988.03,29,Clothing,1221.74,1611.92,New,0.15,Cash,Retail,East-Charlie,3988.03,35430.46,-31442.43,-7.884200971406935,2023-04,2023Q2,2023
1051,2023-05-11,Bob,North,5578.37,36,Food,4418.95,4647.87,New,0.04,Bank Transfer,Online,North-Bob,5578.37,159082.19999999998,-153503.83,-27.517685273655207,2023-05,2023Q2,2023
1043,2023-10-20,Charlie,South,5081.01,22,Food,530.04,759.3199999999999,Returning,0.17,Bank Transfer,Retail,South-Charlie,5081.01,11660.88,-6579.869999999999,-1.2949925310125348,2023-10,2023Q4,2023
1012,2023-06-20,Alice,South,2019.24,47,Clothing,325.75,803.71,New,0.12,Bank Transfer,Retail,South-Alice,2019.24,15310.25,-13291.01,-6.582184386204711,2023-06,2023Q2,2023
1067,2023-07-02,Alice,North,8602.29,36,Electronics,689.66,1150.28,New,0.2,Bank Transfer,Online,North-Alice,8602.29,24827.76,-16225.469999999998,-1.8861803078017594,2023-07,2023Q3,2023
1065,2023-12-30,David,South,6801.71,9,Clothing,335.82,498.31,New,0.26,Cash,Retail,South-David,6801.71,3022.38,3779.33,0.5556440953818966,2023-12,2023Q4,2023
1033,2023-02-08,Eve,North,8395.29,39,Electronics,4232.81,4345.25,Returning,0.12,Bank Transfer,Online,North-Eve,8395.29,165079.59000000003,-156684.30000000002,-18.663357668406928,2023-02,2023Q1,2023
1040,2023-01-15,Charlie,North,8601.77,19,Furniture,342.3,768.06,Returning,0.09,Credit Card,Online,North-Charlie,8601.77,6503.7,2098.0700000000006,0.2439114275317755,2023-01,2023Q1,2023
1074,2023-01-04,Eve,South,7508.72,38,Furniture,1394.74,1848.69,Returning,0.0,Bank Transfer,Retail,South-Eve,7508.72,53000.12,-45491.4,-6.058476011890176,2023-01,2023Q1,2023
1043,2023-12-15,David,West,4448.18,6,Clothing,563.59,838.97,New,0.17,Credit Card,Online,West-David,4448.18,3381.54,1066.6400000000003,0.23979245444204153,2023-12,2023Q4,2023
1044,2023-07-29,Alice,North,6144.41,47,Electronics,1512.34,1830.76,New,0.12,Bank Transfer,Online,North-Alice,6144.41,71079.98,-64935.56999999999,-10.568235192638511,2023-07,2023Q3,2023
1029,2023-06-10,Eve,East,1687.62,15,Clothing,498.27,634.16,Returning,0.11,Credit Card,Retail,East-Eve,1687.62,7474.049999999999,-5786.429999999999,-3.4287517332100825,2023-06,2023Q2,2023
1013,2023-01-16,Eve,East,6769.09,20,Clothing,3356.62,3759.01,Returning,0.05,Credit Card,Retail,East-Eve,6769.09,67132.4,-60363.31,-8.917492602402982,2023-01,2023Q1,2023
1012,2023-04-18,Alice,South,1874.61,9,Electronics,709.97,1029.71,Returning,0.13,Bank Transfer,Retail,South-Alice,1874.61,6389.7300000000005,-4515.120000000001,-2.408564981516156,2023-04,2023Q2,2023
1095,2023-11-07,Charlie,West,6970.1,32,Clothing,4266.64,4523.360000000001,New,0.3,Bank Transfer,Retail,West-Charlie,6970.1,136532.48,-129562.38,-18.588310067287413,2023-11,2023Q4,2023
1046,2023-08-15,Alice,South,2373.02,4,Furniture,4095.1,4134.55,Returning,0.09,Bank Transfer,Retail,South-Alice,2373.02,16380.4,-14007.38,-5.902765252715948,2023-08,2023Q3,2023
1002,2023-06-19,Eve,West,1263.76,18,Food,117.63,576.44,New,0.18,Credit Card,Retail,West-Eve,1263.76,2117.34,-853.5800000000002,-0.6754288789010573,2023-06,2023Q2,2023
1035,2023-02-03,Charlie,North,1736.32,5,Food,4483.85,4795.42,Returning,0.23,Cash,Online,North-Charlie,1736.32,22419.25,-20682.93,-11.911934436048655,2023-02,2023Q1,2023
1087,2023-09-08,Charlie,North,119.72,20,Clothing,193.27,297.69,New,0.22,Cash,Online,North-Charlie,119.72,3865.4,-3745.6800000000003,-31.287003007016374,2023-09,2023Q3,2023
1081,2023-09-04,Alice,North,7215.52,23,Electronics,1236.25,1543.38,New,0.1,Bank Transfer,Online,North-Alice,7215.52,28433.75,-21218.23,-2.940637680998736,2023-09,2023Q3,2023
1090,2023-09-26,Eve,North,7350.77,11,Electronics,210.33,552.29,Returning,0.18,Cash,Retail,North-Eve,7350.77,2313.63,5037.14,0.6852533816185243,2023-09,2023Q3,2023
1008,2023-05-21,David,East,5197.84,37,Furniture,1712.43,1980.06,New,0.26,Cash,Online,East-David,5197.84,63359.91,-58162.07000000001,-11.189661474766442,2023-05,2023Q2,2023
1093,2023-10-01,Eve,East,1697.49,22,Electronics,2593.64,2955.51,Returning,0.0,Bank Transfer,Retail,East-Eve,1697.49,57060.079999999994,-55362.59,-32.6143835898886,2023-10,2023Q4,2023
1026,2023-04-06,Bob,South,927.19,4,Electronics,3993.39,4288.3,New,0.13,Credit Card,Online,South-Bob,927.19,15973.56,-15046.369999999999,-16.227925236467172,2023-04,2023Q2,2023
1074,2023-08-15,David,West,289.38,29,Furniture,1723.01,2197.42,New,0.07,Bank Transfer,Retail,West-David,289.38,49967.29,-49677.91,-171.67015688713803,2023-08,2023Q3,2023
1090,2023-02-08,Charlie,North,1740.91,44,Clothing,3542.18,3578.49,Returning,0.12,Cash,Online,North-Charlie,1740.91,155855.91999999998,-154115.00999999998,-88.52554698404856,2023-02,2023Q1,2023
1034,2023-10-29,David,North,8919.47,34,Food,978.15,1040.21,New,0.12,Credit Card,Retail,North-David,8919.47,33257.1,-24337.629999999997,-2.7285959815998035,2023-10,2023Q4,2023
1007,2023-01-29,Charlie,West,2491.21,13,Furniture,3765.46,3860.56,Returning,0.22,Cash,Retail,West-Charlie,2491.21,48950.98,-46459.770000000004,-18.649479570168715,2023-01,2023Q1,2023
1068,2023-11-14,Charlie,West,3607.29,42,Clothing,1218.18,1566.36,Returning,0.03,Credit Card,Retail,West-Charlie,3607.29,51163.560000000005,-47556.270000000004,-13.183378658217112,2023-11,2023Q4,2023
1058,2023-09-02,David,South,1142.92,9,Furniture,760.55,1086.89,Returning,0.15,Cash,Retail,South-David,1142.92,6844.95,-5702.03,-4.98900185489798,2023-09,2023Q3,2023
1075,2023-08-24,Charlie,West,2301.38,42,Clothing,967.77,1414.88,New,0.17,Bank Transfer,Online,West-Charlie,2301.38,40646.34,-38344.96,-16.661724704307847,2023-08,2023Q3,2023
1029,2023-07-04,Charlie,North,5240.32,31,Furniture,951.21,1320.3200000000002,New,0.15,Cash,Online,North-Charlie,5240.32,29487.510000000002,-24247.190000000002,-4.627043768319493,2023-07,2023Q3,2023
1036,2023-09-29,Bob,North,6116.75,7,Clothing,2588.67,2847.76,New,0.22,Cash,Retail,North-Bob,6116.75,18120.690000000002,-12003.940000000002,-1.9624702660726696,2023-09,2023Q3,2023
1089,2023-08-24,Eve,North,2528.99,4,Furniture,4231.75,4727.75,Returning,0.12,Credit Card,Retail,North-Eve,2528.99,16927.0,-14398.01,-5.693185817263019,2023-08,2023Q3,2023
1021,2023-08-27,Eve,North,671.55,19,Clothing,444.05,584.44,Returning,0.28,Cash,Retail,North-Eve,671.55,8436.95,-7765.400000000001,-11.563398108852656,2023-08,2023Q3,2023
1036,2023-09-23,Bob,North,3971.23,42,Furniture,3549.43,3967.69,New,0.14,Bank Transfer,Online,North-Bob,3971.23,149076.06,-145104.83,-36.53901436078998,2023-09,2023Q3,2023
1010,2023-12-25,David,South,2418.61,30,Food,3289.01,3508.1400000000003,New,0.17,Bank Transfer,Retail,South-David,2418.61,98670.3,-96251.69,-39.79628381591079,2023-12,2023Q4,2023
1073,2023-12-06,Alice,North,2273.58,31,Food,4368.97,4696.85,Returning,0.25,Bank Transfer,Retail,North-Alice,2273.58,135438.07,-133164.49000000002,-58.57039998592529,2023-12,2023Q4,2023
1024,2023-03-06,Alice,South,9602.64,35,Electronics,1258.53,1624.89,New,0.08,Credit Card,Online,South-Alice,9602.64,44048.549999999996,-34445.909999999996,-3.587129164479768,2023-03,2023Q1,2023
1064,2023-06-26,Alice,North,6201.37,21,Clothing,2278.04,2598.58,Returning,0.02,Credit Card,Retail,North-Alice,6201.37,47838.84,-41637.469999999994,-6.714237337878565,2023-06,2023Q2,2023
1099,2023-01-03,Bob,East,5613.1,31,Furniture,4632.85,4711.700000000001,New,0.21,Cash,Retail,East-Bob,5613.1,143618.35,-138005.25,-24.586280308563893,2023-01,2023Q1,2023
1049,2023-05-22,Bob,East,4216.17,19,Clothing,3316.97,3544.02,Returning,0.14,Cash,Online,East-Bob,4216.17,63022.42999999999,-58806.259999999995,-13.947791478996338,2023-05,2023Q2,2023
1099,2023-06-07,Charlie,East,4346.55,31,Food,1974.4,2259.5,New,0.27,Cash,Retail,East-Charlie,4346.55,61206.4,-56859.85,-13.081604951053134,2023-06,2023Q2,2023
1036,2023-11-20,Alice,East,5454.96,32,Clothing,700.49,1126.52,New,0.29,Credit Card,Retail,East-Alice,5454.96,22415.68,-16960.72,-3.109229031926907,2023-11,2023Q4,2023
1082,2023-05-26,David,South,6994.66,2,Furniture,1349.3,1576.69,Returning,0.12,Credit Card,Online,South-David,6994.66,2698.6,4296.0599999999995,0.6141913974374736,2023-05,2023Q2,2023
1096,2023-10-20,David,South,7051.25,10,Clothing,2927.02,3387.21,Returning,0.12,Cash,Retail,South-David,7051.25,29270.2,-22218.95,-3.1510654139336998,2023-10,2023Q4,2023
1024,2023-06-02,Alice,West,1799.77,2,Furniture,3604.93,3830.71,Returning,0.12,Credit Card,Online,West-Alice,1799.77,7209.86,-5410.09,-3.0059896542335967,2023-06,2023Q2,2023
1023,2023-07-12,Alice,North,5051.12,2,Food,665.89,944.79,New,0.1,Credit Card,Retail,North-Alice,5051.12,1331.78,3719.34,0.7363396632825988,2023-07,2023Q3,2023
1062,2023-03-14,Alice,East,4178.39,24,Food,3018.01,3418.19,Returning,0.23,Bank Transfer,Retail,East-Alice,4178.39,72432.24,-68253.85,-16.3349639454431,2023-03,2023Q1,2023
1096,2023-11-01,Bob,South,8718.22,17,Food,2774.24,3069.94,Returning,0.23,Bank Transfer,Retail,South-Bob,8718.22,47162.079999999994,-38443.85999999999,-4.409599665986864,2023-11,2023Q4,2023
1037,2023-12-10,Bob,North,6351.05,32,Electronics,2594.08,3074.59,New,0.14,Cash,Retail,North-Bob,6351.05,83010.56,-76659.51,-12.070367891923382,2023-12,2023Q4,2023
1012,2023-05-20,Bob,North,5371.79,16,Food,3466.11,3799.67,Returning,0.01,Cash,Retail,North-Bob,5371.79,55457.76,-50085.97,-9.323888312834269,2023-05,2023Q2,2023
1055,2023-07-06,Eve,South,1242.41,16,Clothing,4195.38,4461.51,Returning,0.09,Bank Transfer,Online,South-Eve,1242.41,67126.08,-65883.67,-53.028927648682796,2023-07,2023Q3,2023
1013,2023-10-20,David,East,6095.82,46,Electronics,1648.8,1670.36,Returning,0.09,Credit Card,Retail,East-David,6095.82,75844.8,-69748.98000000001,-11.442099668297294,2023-10,2023Q4,2023
1023,2023-03-02,David,West,1260.32,39,Food,4450.61,4663.339999999999,New,0.24,Cash,Retail,West-David,1260.32,173573.78999999998,-172313.46999999997,-136.72199917481274,2023-03,2023Q1,2023
1089,2023-07-17,Charlie,North,3438.35,31,Clothing,845.14,1001.77,New,0.03,Cash,Online,North-Charlie,3438.35,26199.34,-22760.99,-6.619742027425946,2023-07,2023Q3,2023
1099,2023-10-22,Bob,West,1514.14,43,Clothing,906.47,1283.04,New,0.24,Cash,Online,West-Bob,1514.14,38978.21,-37464.07,-24.742804496281718,2023-10,2023Q4,2023
1030,2023-11-15,Eve,East,6951.53,24,Clothing,1370.52,1482.58,Returning,0.2,Credit Card,Retail,East-Eve,6951.53,32892.479999999996,-25940.949999999997,-3.7316892827909824,2023-11,2023Q4,2023
1017,2023-10-29,Eve,East,2141.9,1,Furniture,641.68,752.24,New,0.22,Bank Transfer,Online,East-Eve,2141.9,641.68,1500.2200000000003,0.7004155189317897,2023-10,2023Q4,2023
1062,2023-12-10,David,West,3979.41,11,Electronics,1190.08,1292.9399999999998,Returning,0.13,Cash,Retail,West-David,3979.41,13090.88,-9111.47,-2.2896534913467073,2023-12,2023Q4,2023
1084,2023-01-11,Bob,East,8967.18,21,Clothing,576.74,648.29,Returning,0.2,Bank Transfer,Online,East-Bob,8967.18,12111.54,-3144.3600000000006,-0.35065204445544756,2023-01,2023Q1,2023
1089,2023-03-03,Charlie,North,2122.73,4,Furniture,4117.67,4280.06,Returning,0.18,Bank Transfer,Online,North-Charlie,2122.73,16470.68,-14347.95,-6.759196883258823,2023-03,2023Q1,2023
1086,2023-11-29,Bob,West,5127.27,7,Food,737.9,1182.0,New,0.23,Credit Card,Retail,West-Bob,5127.27,5165.3,-38.029999999999745,-0.007417202526880726,2023-11,2023Q4,2023
1013,2023-08-14,Alice,East,4250.79,26,Clothing,3749.12,4138.83,New,0.13,Credit Card,Online,East-Alice,4250.79,97477.12,-93226.33,-21.931530374353944,2023-08,2023Q3,2023
1059,2023-06-02,Bob,West,279.43,47,Furniture,287.17,657.44,Returning,0.14,Credit Card,Retail,West-Bob,279.43,13496.990000000002,-13217.560000000001,-47.30186450989515,2023-06,2023Q2,2023
1019,2023-07-18,Alice,North,7948.31,12,Clothing,4745.18,5145.88,Returning,0.19,Credit Card,Online,North-Alice,7948.31,56942.16,-48993.850000000006,-6.164058774758408,2023-07,2023Q3,2023
1049,2023-02-21,Alice,East,783.55,31,Electronics,3570.24,3712.25,New,0.03,Credit Card,Online,East-Alice,783.55,110677.43999999999,-109893.88999999998,-140.2512794333482,2023-02,2023Q1,2023
1100,2023-09-17,Charlie,North,4795.12,17,Electronics,83.64,528.49,New,0.13,Credit Card,Online,North-Charlie,4795.12,1421.88,3373.24,0.703473531423614,2023-09,2023Q3,2023
1012,2023-02-28,David,East,5650.72,33,Food,3831.09,3908.37,New,0.29,Cash,Retail,East-David,5650.72,126425.97,-120775.25,-21.373426749157627,2023-02,2023Q1,2023
1061,2023-03-13,Bob,South,6321.42,11,Clothing,2594.71,2769.52,Returning,0.01,Bank Transfer,Retail,South-Bob,6321.42,28541.81,-22220.39,-3.5150947097329395,2023-03,2023Q1,2023
1019,2023-05-28,Alice,East,6917.45,28,Furniture,3907.86,4205.37,New,0.09,Credit Card,Online,East-Alice,6917.45,109420.08,-102502.63,-14.817979168624277,2023-05,2023Q2,2023
1076,2023-12-15,Bob,West,2607.4,32,Food,2636.36,2696.78,New,0.09,Cash,Retail,West-Bob,2607.4,84363.52,-81756.12000000001,-31.355419191531798,2023-12,2023Q4,2023
1009,2023-03-04,David,East,198.79,1,Clothing,3223.07,3590.83,New,0.19,Bank Transfer,Retail,East-David,198.79,3223.07,-3024.28,-15.213441319985916,2023-03,2023Q1,2023
1071,2023-11-06,David,North,7262.09,47,Food,3942.34,4142.09,Returning,0.03,Credit Card,Retail,North-David,7262.09,185289.98,-178027.89,-24.514690674447717,2023-11,2023Q4,2023
1028,2023-08-31,Eve,North,5403.0,28,Furniture,2055.28,2449.6400000000003,New,0.19,Credit Card,Online,North-Eve,5403.0,57547.840000000004,-52144.840000000004,-9.651090135110124,2023-08,2023Q3,2023
1078,2024-01-01,David,East,8377.57,42,Food,63.41,314.93,Returning,0.03,Cash,Retail,East-David,8377.57,2663.22,5714.35,0.6821011343384777,2024-01,2024Q1,2024
1095,2023-11-26,Charlie,West,8231.74,7,Food,4257.24,4355.87,Returning,0.03,Bank Transfer,Online,West-Charlie,8231.74,29800.68,-21568.940000000002,-2.6202163819556987,2023-11,2023Q4,2023
1052,2023-04-17,Alice,South,8448.93,2,Food,1935.41,2305.44,Returning,0.22,Credit Card,Online,South-Alice,8448.93,3870.82,4578.110000000001,0.5418567794975222,2023-04,2023Q2,2023
1083,2023-08-14,Eve,West,4902.44,42,Clothing,2505.41,2638.96,New,0.1,Bank Transfer,Online,West-Eve,4902.44,105227.22,-100324.78,-20.464254534476712,2023-08,2023Q3,2023
1016,2023-11-09,Charlie,South,3402.92,24,Furniture,88.44,338.94,New,0.29,Cash,Online,South-Charlie,3402.92,2122.56,1280.3600000000001,0.37625333537079925,2023-11,2023Q4,2023
1069,2023-08-06,Bob,North,7936.43,4,Electronics,2485.86,2532.8700000000003,New,0.01,Credit Card,Online,North-Bob,7936.43,9943.44,-2007.0100000000002,-0.2528857433379996,2023-08,2023Q3,2023
1099,2023-08-29,Alice,West,4567.81,44,Clothing,4933.11,5245.86,Returning,0.13,Bank Transfer,Retail,West-Alice,4567.81,217056.84,-212489.03,-46.51879784842189,2023-08,2023Q3,2023
1012,2023-09-16,David,South,1916.08,19,Electronics,1427.42,1763.69,New,0.03,Cash,Retail,South-David,1916.08,27120.980000000003,-25204.9,-13.15440900171183,2023-09,2023Q3,2023
1025,2023-09-19,Alice,East,8564.24,26,Electronics,2007.32,2202.87,Returning,0.11,Cash,Online,East-Alice,8564.24,52190.32,-43626.08,-5.093981485806096,2023-09,2023Q3,2023
1052,2023-01-05,Bob,North,8837.34,11,Clothing,3451.59,3929.26,New,0.3,Credit Card,Retail,North-Bob,8837.34,37967.490000000005,-29130.150000000005,-3.296257697451949,2023-01,2023Q1,2023
1085,2023-09-18,Eve,East,4716.47,40,Clothing,4083.23,4521.57,New,0.27,Bank Transfer,Retail,East-Eve,4716.47,163329.2,-158612.73,-33.62954285726401,2023-09,2023Q3,2023
1100,2023-02-23,Eve,North,849.43,43,Furniture,2116.09,2472.98,New,0.01,Credit Card,Retail,North-Eve,849.43,90991.87000000001,-90142.44000000002,-106.12109296822578,2023-02,2023Q1,2023
1053,2023-02-16,Eve,West,3939.48,11,Furniture,1582.86,1942.55,New,0.17,Credit Card,Retail,West-Eve,3939.48,17411.46,-13471.98,-3.419735599622285,2023-02,2023Q1,2023
1023,2023-08-03,David,West,8055.02,45,Food,4692.24,4825.92,Returning,0.19,Bank Transfer,Retail,West-David,8055.02,211150.8,-203095.78,-25.21356619847002,2023-08,2023Q3,2023
1016,2023-06-26,Charlie,North,9027.56,3,Electronics,3401.87,3733.71,Returning,0.06,Bank Transfer,Retail,North-Charlie,9027.56,10205.61,-1178.050000000001,-0.1304948402447617,2023-06,2023Q2,2023
1057,2023-01-09,Charlie,North,2114.38,12,Furniture,639.16,746.28,Returning,0.04,Bank Transfer,Retail,North-Charlie,2114.38,7669.92,-5555.54,-2.627503097834826,2023-01,2023Q1,2023
1039,2023-04-09,Alice,North,763.04,3,Food,391.19,471.75,Returning,0.27,Cash,Online,North-Alice,763.04,1173.57,-410.53,-0.5380189767246802,2023-04,2023Q2,2023
1053,2023-01-20,David,West,8785.77,42,Furniture,2443.57,2943.3100000000004,New,0.29,Cash,Online,West-David,8785.77,102629.94,-93844.17,-10.681382508306044,2023-01,2023Q1,2023
1042,2023-08-29,Eve,South,3955.11,27,Clothing,1139.45,1454.41,Returning,0.3,Bank Transfer,Online,South-Eve,3955.11,30765.15,-26810.04,-6.778582643719138,2023-08,2023Q3,2023
1058,2023-03-02,Eve,East,5463.43,49,Furniture,1307.22,1528.4,Returning,0.24,Cash,Retail,East-Eve,5463.43,64053.78,-58590.35,-10.72409640097887,2023-03,2023Q1,2023
1039,2023-06-27,Bob,East,9683.85,2,Electronics,4394.58,4545.78,Returning,0.2,Credit Card,Retail,East-Bob,9683.85,8789.16,894.6900000000005,0.09238990690686044,2023-06,2023Q2,2023
1014,2023-12-04,Bob,West,758.99,49,Furniture,493.35,799.27,New,0.1,Bank Transfer,Online,West-Bob,758.99,24174.15,-23415.16,-30.85041963662235,2023-12,2023Q4,2023
1095,2023-03-03,Eve,East,6518.35,16,Electronics,3591.05,3625.35,Returning,0.05,Credit Card,Retail,East-Eve,6518.35,57456.8,-50938.450000000004,-7.814623332591837,2023-03,2023Q1,2023
1005,2023-05-25,Eve,North,833.64,2,Clothing,1392.15,1448.5400000000002,Returning,0.02,Bank Transfer,Retail,North-Eve,833.64,2784.3,-1950.6600000000003,-2.339930905426803,2023-05,2023Q2,2023
1035,2023-08-04,David,South,3817.14,30,Electronics,3813.62,3839.72,New,0.21,Credit Card,Online,South-David,3817.14,114408.59999999999,-110591.45999999999,-28.97233530863421,2023-08,2023Q3,2023
1087,2023-01-03,Charlie,East,8057.76,20,Furniture,3625.94,3880.53,New,0.24,Bank Transfer,Online,East-Charlie,8057.76,72518.8,-64461.04,-7.999870931871885,2023-01,2023Q1,2023
1093,2023-06-09,Bob,South,4391.38,38,Food,86.59,390.89,Returning,0.25,Credit Card,Online,South-Bob,4391.38,3290.42,1100.96,0.2507093442152581,2023-06,2023Q2,2023
1075,2023-08-15,Charlie,North,9972.11,28,Clothing,2570.22,2610.84,Returning,0.27,Bank Transfer,Retail,North-Charlie,9972.11,71966.15999999999,-61994.04999999999,-6.216743497614846,2023-08,2023Q3,2023
1018,2023-09-26,David,East,5634.69,25,Furniture,739.63,1103.03,New,0.26,Bank Transfer,Retail,East-David,5634.69,18490.75,-12856.060000000001,-2.281591356401151,2023-09,2023Q3,2023
1076,2023-04-30,Eve,West,3279.51,32,Clothing,4337.82,4460.71,Returning,0.3,Cash,Retail,West-Eve,3279.51,138810.24,-135530.72999999998,-41.32651829084222,2023-04,2023Q2,2023
1009,2023-03-30,Charlie,South,2279.1,10,Clothing,4364.35,4710.1,New,0.07,Credit Card,Online,South-Charlie,2279.1,43643.5,-41364.4,-18.149444956342418,2023-03,2023Q1,2023
1074,2023-11-25,Eve,North,3570.15,42,Furniture,2120.81,2611.94,Returning,0.23,Cash,Online,North-Eve,3570.15,89074.02,-85503.87000000001,-23.949657577412715,2023-11,2023Q4,2023
1058,2023-03-09,Eve,South,3788.08,40,Furniture,2249.76,2598.4,Returning,0.18,Credit Card,Retail,South-Eve,3788.08,89990.40000000001,-86202.32,-22.756203670461026,2023-03,2023Q1,2023
1017,2023-12-23,Alice,East,780.27,33,Food,1551.25,1994.01,Returning,0.08,Cash,Online,East-Alice,780.27,51191.25,-50410.98,-64.60709754315815,2023-12,2023Q4,2023
1007,2023-04-08,Charlie,East,3758.78,13,Clothing,3597.2,4071.82,Returning,0.29,Bank Transfer,Online,East-Charlie,3758.78,46763.6,-43004.82,-11.44116442037044,2023-04,2023Q2,2023
1046,2023-09-24,Charlie,West,4695.96,41,Clothing,1825.37,2073.88,Returning,0.27,Cash,Retail,West-Charlie,4695.96,74840.17,-70144.20999999999,-14.937139583812467,2023-09,2023Q3,2023
1013,2023-04-15,Eve,North,7255.1,42,Furniture,1375.57,1729.71,New,0.04,Cash,Online,North-Eve,7255.1,57773.939999999995,-50518.84,-6.963217598654738,2023-04,2023Q2,2023
1040,2023-11-19,David,North,6601.62,47,Electronics,2189.54,2617.0,New,0.01,Bank Transfer,Online,North-David,6601.62,102908.38,-96306.76000000001,-14.588352555887798,2023-11,2023Q4,2023
1042,2023-05-03,Alice,West,7116.78,37,Furniture,502.86,687.6,Returning,0.21,Cash,Online,West-Alice,7116.78,18605.82,-11489.04,-1.614359302943185,2023-05,2023Q2,2023
1009,2023-01-29,Eve,West,182.8,16,Clothing,3745.69,3883.77,Returning,0.18,Bank Transfer,Retail,West-Eve,182.8,59931.04,-59748.24,-326.8503282275711,2023-01,2023Q1,2023
1050,2023-05-17,Bob,North,2254.91,45,Furniture,112.35,586.18,Returning,0.28,Credit Card,Retail,North-Bob,2254.91,5055.75,-2800.84,-1.242107223791637,2023-05,2023Q2,2023
1027,2023-07-14,Bob,South,6650.67,22,Food,3240.2,3606.09,New,0.07,Cash,Online,South-Bob,6650.67,71284.4,-64633.729999999996,-9.718378749810169,2023-07,2023Q3,2023
1066,2023-08-14,Alice,South,4891.49,20,Electronics,955.18,1072.82,New,0.03,Bank Transfer,Retail,South-Alice,4891.49,19103.6,-14212.109999999999,-2.9054766543527637,2023-08,2023Q3,2023
1005,2023-11-28,David,West,152.6,43,Furniture,1200.4,1430.45,New,0.08,Bank Transfer,Retail,West-David,152.6,51617.200000000004,-51464.600000000006,-337.2516382699869,2023-11,2023Q4,2023
1029,2023-06-19,Eve,South,8064.5,27,Food,3196.38,3596.6400000000003,New,0.01,Cash,Retail,South-Eve,8064.5,86302.26000000001,-78237.76000000001,-9.701501643003287,2023-06,2023Q2,2023
1037,2023-01-09,Charlie,North,7750.81,41,Clothing,4965.07,5243.13,New,0.01,Credit Card,Online,North-Charlie,7750.81,203567.87,-195817.06,-25.26407691583202,2023-01,2023Q1,2023
1038,2023-02-09,Alice,East,5529.35,16,Furniture,3899.7,4228.18,New,0.27,Cash,Retail,East-Alice,5529.35,62395.2,-56865.85,-10.28436434662302,2023-02,2023Q1,2023
1083,2023-01-25,David,East,757.99,34,Clothing,1167.91,1547.2600000000002,New,0.11,Bank Transfer,Online,East-David,757.99,39708.94,-38950.950000000004,-51.387155503370764,2023-01,2023Q1,2023
1008,2023-09-18,Charlie,South,7688.5,32,Food,921.32,1236.1,New,0.12,Credit Card,Online,South-Charlie,7688.5,29482.24,-21793.74,-2.834589321714249,2023-09,2023Q3,2023
1065,2023-08-14,Bob,West,5878.76,26,Clothing,4337.85,4612.490000000001,Returning,0.01,Cash,Retail,West-Bob,5878.76,112784.1,-106905.34000000001,-18.185015207288615,2023-08,2023Q3,2023
1086,2023-05-04,Bob,West,7841.4,25,Food,2248.71,2626.02,New,0.08,Bank Transfer,Online,West-Bob,7841.4,56217.75,-48376.35,-6.169351136276686,2023-05,2023Q2,2023
1017,2023-02-07,Charlie,West,7542.3,2,Food,728.41,1094.92,New,0.24,Cash,Retail,West-Charlie,7542.3,1456.82,6085.4800000000005,0.8068467178446893,2023-02,2023Q1,2023
1071,2023-11-24,Alice,West,8049.72,12,Food,4317.95,4636.59,New,0.18,Credit Card,Retail,West-Alice,8049.72,51815.399999999994,-43765.67999999999,-5.436919545027652,2023-11,2023Q4,2023
1089,2023-09-08,Bob,West,5228.28,40,Furniture,4089.66,4275.96,New,0.23,Credit Card,Online,West-Bob,5228.28,163586.4,-158358.12,-30.28876035713466,2023-09,2023Q3,2023
1045,2023-06-25,Eve,South,1489.21,9,Clothing,4920.34,5129.1900000000005,Returning,0.13,Credit Card,Online,South-Eve,1489.21,44283.06,-42793.85,-28.735940532228494,2023-06,2023Q2,2023
1004,2023-03-31,Charlie,East,6744.46,12,Clothing,4553.23,5038.74,New,0.09,Credit Card,Retail,East-Charlie,6744.46,54638.759999999995,-47894.299999999996,-7.101280161792048,2023-03,2023Q1,2023
1036,2023-02-06,Charlie,East,6242.69,26,Electronics,4266.36,4331.429999999999,Returning,0.14,Credit Card,Retail,East-Charlie,6242.69,110925.35999999999,-104682.66999999998,-16.768840035305292,2023-02,2023Q1,2023
1070,2023-11-12,Bob,South,7448.31,9,Electronics,310.24,451.81,Returning,0.1,Cash,Retail,South-Bob,7448.31,2792.16,4656.150000000001,0.6251283848282363,2023-11,2023Q4,2023
1031,2023-06-25,Alice,West,1781.82,10,Electronics,566.86,818.14,Returning,0.25,Credit Card,Retail,West-Alice,1781.82,5668.6,-3886.7800000000007,-2.181353896577657,2023-06,2023Q2,2023
1019,2023-10-11,Eve,South,2030.25,32,Electronics,2866.47,3286.47,New,0.09,Credit Card,Online,South-Eve,2030.25,91727.04,-89696.79,-44.1801699298116,2023-10,2023Q4,2023
1061,2023-03-22,Alice,East,8915.05,34,Clothing,2680.82,2771.02,New,0.2,Bank Transfer,Online,East-Alice,8915.05,91147.88,-82232.83,-9.224045855042878,2023-03,2023Q1,2023
1054,2023-04-24,David,North,7524.78,48,Food,2316.92,2462.63,New,0.04,Credit Card,Online,North-David,7524.78,111212.16,-103687.38,-13.77945667514532,2023-04,2023Q2,2023
1039,2023-02-09,David,South,9091.46,20,Food,2014.11,2056.35,Returning,0.21,Bank Transfer,Retail,South-David,9091.46,40282.2,-31190.739999999998,-3.4307734951261954,2023-02,2023Q1,2023
1091,2023-10-28,Bob,West,7611.28,39,Furniture,2184.49,2540.42,Returning,0.27,Bank Transfer,Online,West-Bob,7611.28,85195.10999999999,-77583.82999999999,-10.19326972598564,2023-10,2023Q4,2023
1074,2023-08-12,Bob,East,6011.84,2,Food,2868.02,2994.74,Returning,0.18,Bank Transfer,Online,East-Bob,6011.84,5736.04,275.8000000000002,0.045876137754830494,2023-08,2023Q3,2023
1090,2023-11-14,Bob,East,6575.91,1,Clothing,60.28,260.73,Returning,0.17,Cash,Online,East-Bob,6575.91,60.28,6515.63,0.990833207875412,2023-11,2023Q4,2023
1019,2023-12-15,David,East,8902.37,36,Clothing,1340.51,1567.92,New,0.29,Cash,Online,East-David,8902.37,48258.36,-39355.99,-4.420844112298185,2023-12,2023Q4,2023
1039,2023-04-25,Alice,East,5830.19,24,Clothing,2615.48,3062.2200000000003,New,0.19,Bank Transfer,Retail,East-Alice,5830.19,62771.520000000004,-56941.33,-9.766633677461627,2023-04,2023Q2,2023
1067,2023-07-05,Alice,West,6360.67,27,Furniture,3624.97,3836.52,New,0.08,Cash,Online,West-Alice,6360.67,97874.18999999999,-91513.51999999999,-14.38740258494781,2023-07,2023Q3,2023
1045,2023-11-19,Bob,North,1649.12,2,Electronics,912.08,993.24,Returning,0.09,Credit Card,Online,North-Bob,1649.12,1824.16,-175.0400000000002,-0.10614145726205504,2023-11,2023Q4,2023
1013,2023-02-25,Eve,East,4791.82,31,Food,2757.06,3023.97,Returning,0.21,Cash,Online,East-Eve,4791.82,85468.86,-80677.04000000001,-16.83640871318205,2023-02,2023Q1,2023
1092,2023-02-09,Alice,South,7192.33,14,Clothing,3586.58,4068.43,New,0.22,Credit Card,Online,South-Alice,7192.33,50212.119999999995,-43019.78999999999,-5.981342624712714,2023-02,2023Q1,2023
1058,2023-12-20,David,North,2782.33,2,Clothing,2250.91,2558.68,New,0.09,Credit Card,Retail,North-David,2782.33,4501.82,-1719.4899999999998,-0.6180036156746324,2023-12,2023Q4,2023
1020,2023-02-09,Charlie,East,2102.32,29,Electronics,184.05,675.9100000000001,Returning,0.1,Cash,Retail,East-Charlie,2102.32,5337.450000000001,-3235.1300000000006,-1.5388380455877317,2023-02,2023Q1,2023
1092,2023-12-13,Charlie,North,3206.89,15,Clothing,2273.88,2696.02,New,0.3,Cash,Online,North-Charlie,3206.89,34108.200000000004,-30901.310000000005,-9.635912051863334,2023-12,2023Q4,2023
1072,2023-08-25,Charlie,South,2490.86,12,Food,1517.4,1545.02,New,0.03,Bank Transfer,Retail,South-Charlie,2490.86,18208.800000000003,-15717.940000000002,-6.310246260327759,2023-08,2023Q3,2023
1061,2023-10-16,Eve,East,2227.64,37,Furniture,4651.77,4984.39,Returning,0.12,Cash,Retail,East-Eve,2227.64,172115.49000000002,-169887.85,-76.26360183871722,2023-10,2023Q4,2023
1039,2023-09-19,Bob,South,4306.02,28,Clothing,666.84,817.36,Returning,0.02,Cash,Retail,South-Bob,4306.02,18671.52,-14365.5,-3.3361433527944597,2023-09,2023Q3,2023
1001,2023-08-04,David,West,9087.6,20,Food,3279.76,3563.9700000000003,Returning,0.25,Cash,Retail,West-David,9087.6,65595.20000000001,-56507.60000000001,-6.218099388177298,2023-08,2023Q3,2023
1003,2023-05-27,Eve,East,5119.89,39,Clothing,310.96,457.84,New,0.03,Credit Card,Online,East-Eve,5119.89,12127.439999999999,-7007.549999999998,-1.368691514856764,2023-05,2023Q2,2023
1077,2023-12-02,David,East,1960.41,24,Electronics,2258.54,2439.49,Returning,0.2,Credit Card,Retail,East-David,1960.41,54204.96,-52244.549999999996,-26.649807948337333,2023-12,2023Q4,2023
1092,2023-06-17,David,East,862.02,21,Clothing,2792.2,3254.55,New,0.02,Credit Card,Retail,East-David,862.02,58636.2,-57774.18,-67.02185564140044,2023-06,2023Q2,2023
1062,2023-04-02,Bob,East,6991.95,10,Clothing,1524.88,1636.14,New,0.2,Bank Transfer,Online,East-Bob,6991.95,15248.800000000001,-8256.850000000002,-1.1809080442508888,2023-04,2023Q2,2023
1063,2023-12-19,Charlie,West,3889.71,46,Furniture,2302.62,2740.93,Returning,0.25,Bank Transfer,Online,West-Charlie,3889.71,105920.51999999999,-102030.80999999998,-26.23095552110568,2023-12,2023Q4,2023
1025,2023-02-28,Bob,East,8236.13,14,Electronics,859.59,884.51,New,0.12,Bank Transfer,Online,East-Bob,8236.13,12034.26,-3798.130000000001,-0.4611546927986811,2023-02,2023Q1,2023
1056,2023-02-28,Eve,North,6629.16,37,Electronics,1555.41,1609.94,Returning,0.16,Credit Card,Online,North-Eve,6629.16,57550.170000000006,-50921.01000000001,-7.681366870010682,2023-02,2023Q1,2023
1033,2023-10-31,Eve,East,7982.79,18,Furniture,3124.48,3553.27,Returning,0.12,Cash,Retail,East-Eve,7982.79,56240.64,-48257.85,-6.045236064082858,2023-10,2023Q4,2023
1038,2023-06-18,Eve,West,2792.27,24,Clothing,1543.91,1862.88,New,0.09,Bank Transfer,Online,West-Eve,2792.27,37053.840000000004,-34261.57000000001,-12.270149376672029,2023-06,2023Q2,2023
1006,2023-09-26,Bob,East,6954.35,14,Food,4503.73,4879.879999999999,New,0.24,Bank Transfer,Retail,East-Bob,6954.35,63052.219999999994,-56097.869999999995,-8.06658710016033,2023-09,2023Q3,2023
1058,2023-12-29,David,North,2714.21,34,Electronics,3160.61,3273.2200000000003,Returning,0.08,Credit Card,Retail,North-David,2714.21,107460.74,-104746.53,-38.591903353093535,2023-12,2023Q4,2023
1044,2023-02-14,David,West,9396.78,12,Electronics,2221.31,2494.48,Returning,0.22,Bank Transfer,Online,West-David,9396.78,26655.72,-17258.940000000002,-1.8366866096684185,2023-02,2023Q1,2023
1045,2023-12-11,Alice,West,6400.11,22,Clothing,241.85,613.09,Returning,0.06,Cash,Online,West-Alice,6400.11,5320.7,1079.4099999999999,0.16865491374367,2023-12,2023Q4,2023
1032,2023-06-30,Eve,North,3312.67,6,Clothing,2522.76,2840.1400000000003,Returning,0.07,Credit Card,Retail,North-Eve,3312.67,15136.560000000001,-11823.890000000001,-3.5692930476020854,2023-06,2023Q2,2023
1045,2023-06-19,David,North,2768.17,36,Electronics,3835.64,4076.77,Returning,0.1,Credit Card,Retail,North-David,2768.17,138083.04,-135314.87,-48.88242774107081,2023-06,2023Q2,2023
1061,2023-12-22,Alice,North,1990.17,45,Clothing,1364.51,1844.8,Returning,0.18,Cash,Online,North-Alice,1990.17,61402.95,-59412.78,-29.853118075340294,2023-12,2023Q4,2023
1047,2023-07-10,David,North,6976.95,36,Food,4043.53,4384.85,New,0.14,Cash,Online,North-David,6976.95,145567.08000000002,-138590.13,-19.863999312020297,2023-07,2023Q3,2023
1021,2023-06-04,Eve,North,2265.28,22,Electronics,1296.44,1751.24,New,0.22,Cash,Online,North-Eve,2265.28,28521.68,-26256.4,-11.590796722700945,2023-06,2023Q2,2023
1080,2023-07-07,Charlie,West,5993.5,14,Food,4127.54,4495.13,New,0.06,Bank Transfer,Retail,West-Charlie,5993.5,57785.56,-51792.06,-8.641371485776258,2023-07,2023Q3,2023
1085,2023-01-07,Eve,West,2719.89,16,Food,472.08,842.46,New,0.0,Cash,Retail,West-Eve,2719.89,7553.28,-4833.389999999999,-1.777053483780594,2023-01,2023Q1,2023
1075,2023-05-13,Bob,East,6653.49,36,Clothing,4337.61,4386.82,Returning,0.23,Credit Card,Online,East-Bob,6653.49,156153.96,-149500.47,-22.46948143004649,2023-05,2023Q2,2023
1036,2023-08-23,David,East,8167.9,25,Food,2520.97,2707.11,New,0.25,Cash,Retail,East-David,8167.9,63024.24999999999,-54856.34999999999,-6.716089815007528,2023-08,2023Q3,2023
1099,2023-02-14,David,South,7802.45,32,Clothing,1517.86,1948.46,New,0.02,Credit Card,Online,South-David,7802.45,48571.52,-40769.07,-5.22516260918045,2023-02,2023Q1,2023
1019,2023-11-10,Bob,East,7632.43,33,Furniture,1362.31,1486.29,Returning,0.18,Credit Card,Retail,East-Bob,7632.43,44956.229999999996,-37323.799999999996,-4.890159490489922,2023-11,2023Q4,2023
1020,2023-09-06,Bob,East,1958.45,45,Clothing,2188.45,2255.05,New,0.11,Bank Transfer,Retail,East-Bob,1958.45,98480.24999999999,-96521.79999999999,-49.28479154433352,2023-09,2023Q3,2023
1057,2023-01-31,Charlie,North,975.01,36,Food,4995.3,5165.09,Returning,0.24,Cash,Online,North-Charlie,975.01,179830.80000000002,-178855.79,-183.43995446200552,2023-01,2023Q1,2023
1018,2023-01-23,David,North,7019.59,20,Furniture,1140.62,1258.63,Returning,0.26,Bank Transfer,Online,North-David,7019.59,22812.399999999998,-15792.809999999998,-2.2498194338985606,2023-01,2023Q1,2023
1047,2023-06-09,David,East,3746.64,18,Clothing,560.92,1024.31,Returning,0.26,Cash,Online,East-David,3746.64,10096.56,-6349.92,-1.6948305681890976,2023-06,2023Q2,2023
1049,2023-12-29,Charlie,South,4380.23,38,Food,2945.92,3381.2200000000003,Returning,0.23,Cash,Retail,South-Charlie,4380.23,111944.96,-107564.73000000001,-24.556868018346073,2023-12,2023Q4,2023
1014,2023-06-07,Alice,North,408.38,3,Electronics,2468.29,2723.13,Returning,0.08,Cash,Retail,North-Alice,408.38,7404.87,-6996.49,-17.132303246975855,2023-06,2023Q2,2023
1015,2023-02-08,Charlie,East,2669.81,23,Electronics,2644.77,2684.83,New,0.24,Cash,Online,East-Charlie,2669.81,60829.71,-58159.9,-21.78428427491095,2023-02,2023Q1,2023
1031,2023-03-23,Eve,East,433.4,32,Clothing,3351.33,3711.47,New,0.16,Cash,Retail,East-Eve,433.4,107242.56,-106809.16,-246.44476234425474,2023-03,2023Q1,2023
1001,2023-12-22,David,West,8803.94,45,Clothing,1372.36,1687.83,New,0.02,Credit Card,Online,West-David,8803.94,61756.2,-52952.259999999995,-6.014609368078382,2023-12,2023Q4,2023
1054,2023-09-15,Bob,South,2509.63,16,Electronics,4557.79,5043.36,Returning,0.14,Credit Card,Retail,South-Bob,2509.63,72924.64,-70415.01,-28.05792487338771,2023-09,2023Q3,2023
1003,2023-07-25,Eve,West,5617.64,5,Food,2206.58,2490.47,New,0.28,Cash,Online,West-Eve,5617.64,11032.9,-5415.259999999999,-0.9639741955696697,2023-07,2023Q3,2023
1016,2023-03-18,David,South,485.9,4,Food,688.98,863.8100000000001,New,0.27,Credit Card,Retail,South-David,485.9,2755.92,-2270.02,-4.6717843177608565,2023-03,2023Q1,2023
1087,2023-01-12,Charlie,North,6701.79,21,Food,3724.38,3988.7,New,0.03,Bank Transfer,Retail,North-Charlie,6701.79,78211.98,-71510.19,-10.6703119614312,2023-01,2023Q1,2023
1057,2023-10-22,Eve,South,3297.97,40,Clothing,3233.37,3723.21,New,0.22,Bank Transfer,Retail,South-Eve,3297.97,129334.79999999999,-126036.82999999999,-38.21648771820241,2023-10,2023Q4,2023
1075,2023-08-12,David,East,8989.4,14,Furniture,1612.93,1964.15,Returning,0.24,Bank Transfer,Retail,East-David,8989.4,22581.02,-13591.62,-1.5119607537766704,2023-08,2023Q3,2023
1012,2023-01-13,Alice,East,8892.37,39,Furniture,3126.52,3465.79,New,0.08,Cash,Online,East-Alice,8892.37,121934.28,-113041.91,-12.712236445402068,2023-01,2023Q1,2023
1074,2023-02-15,Alice,South,3320.38,31,Furniture,1138.32,1266.25,Returning,0.14,Cash,Retail,South-Alice,3320.38,35287.92,-31967.539999999997,-9.627675145615862,2023-02,2023Q1,2023
1096,2023-06-04,Bob,South,9019.51,14,Furniture,2251.95,2626.32,Returning,0.21,Credit Card,Online,South-Bob,9019.51,31527.299999999996,-22507.789999999994,-2.495455961576626,2023-06,2023Q2,2023
1016,2023-04-23,David,South,9961.96,6,Furniture,4502.09,4879.72,New,0.13,Credit Card,Online,South-David,9961.96,27012.54,-17050.58,-1.711568807744661,2023-04,2023Q2,2023
1072,2023-08-21,Alice,West,8271.62,12,Clothing,710.99,876.46,Returning,0.03,Credit Card,Online,West-Alice,8271.62,8531.880000000001,-260.2600000000002,-0.03146421136367485,2023-08,2023Q3,2023
1076,2023-01-17,Charlie,South,8464.23,16,Clothing,1964.15,2211.17,Returning,0.21,Bank Transfer,Online,South-Charlie,8464.23,31426.4,-22962.170000000002,-2.712848067691923,2023-01,2023Q1,2023
1024,2023-12-26,David,North,2565.19,17,Furniture,4114.66,4269.02,Returning,0.27,Bank Transfer,Retail,North-David,2565.19,69949.22,-67384.03,-26.26863117351931,2023-12,2023Q4,2023
1028,2023-08-11,Charlie,West,5809.35,45,Clothing,4848.98,4985.75,Returning,0.2,Bank Transfer,Online,West-Charlie,5809.35,218204.09999999998,-212394.74999999997,-36.560845877766006,2023-08,2023Q3,2023
1008,2023-12-20,Charlie,West,765.83,23,Clothing,2296.93,2319.62,Returning,0.23,Bank Transfer,Retail,West-Charlie,765.83,52829.39,-52063.56,-67.98318164605722,2023-12,2023Q4,2023
1092,2023-07-07,Alice,South,1039.69,14,Furniture,2559.65,2709.4,Returning,0.11,Credit Card,Retail,South-Alice,1039.69,35835.1,-34795.409999999996,-33.46710077042195,2023-07,2023Q3,2023
1036,2023-12-10,David,North,9989.04,7,Food,2882.25,3163.7,Returning,0.05,Cash,Retail,North-David,9989.04,20175.75,-10186.71,-1.019788688402489,2023-12,2023Q4,2023
1090,2023-12-31,Eve,West,3333.73,46,Clothing,4665.12,4675.9,New,0.19,Cash,Retail,West-Eve,3333.73,214595.52,-211261.78999999998,-63.37099585149367,2023-12,2023Q4,2023
1008,2023-06-12,Alice,East,7507.02,32,Food,4298.12,4446.9,New,0.1,Bank Transfer,Online,East-Alice,7507.02,137539.84,-130032.81999999999,-17.32149641269105,2023-06,2023Q2,2023
1058,2023-11-22,Alice,West,8085.98,15,Clothing,894.48,1336.37,Returning,0.26,Cash,Retail,West-Alice,8085.98,13417.2,-5331.220000000001,-0.6593164959596736,2023-11,2023Q4,2023
1060,2023-03-15,David,South,8594.43,44,Clothing,2211.95,2512.84,Returning,0.04,Cash,Online,South-David,8594.43,97325.79999999999,-88731.37,-10.32428793997973,2023-03,2023Q1,2023
1050,2023-08-21,David,North,9976.52,17,Furniture,2346.8,2654.65,New,0.13,Cash,Retail,North-David,9976.52,39895.600000000006,-29919.080000000005,-2.9989495335046694,2023-08,2023Q3,2023
1028,2023-08-12,Charlie,South,2490.82,41,Clothing,3956.03,4163.68,New,0.12,Bank Transfer,Retail,South-Charlie,2490.82,162197.23,-159706.41,-64.11800531551859,2023-08,2023Q3,2023
1092,2023-11-15,David,East,499.47,47,Electronics,3034.32,3375.79,New,0.28,Credit Card,Online,East-David,499.47,142613.04,-142113.57,-284.5287404648928,2023-11,2023Q4,2023
1041,2023-03-01,Charlie,East,4170.8,44,Electronics,3288.39,3391.46,New,0.05,Credit Card,Retail,East-Charlie,4170.8,144689.16,-140518.36000000002,-33.69098494293661,2023-03,2023Q1,2023
1100,2023-12-01,Alice,East,1387.8,34,Furniture,4991.09,5402.28,Returning,0.0,Cash,Retail,East-Alice,1387.8,169697.06,-168309.26,-121.27774895518087,2023-12,2023Q4,2023
1064,2023-08-10,Bob,South,322.02,5,Food,421.05,488.23,Returning,0.07,Credit Card,Retail,South-Bob,322.02,2105.25,-1783.23,-5.5376374138252284,2023-08,2023Q3,2023
1027,2023-02-06,Eve,West,3668.23,45,Food,1153.9,1485.34,New,0.25,Credit Card,Retail,West-Eve,3668.23,51925.50000000001,-48257.270000000004,-13.155464624628229,2023-02,2023Q1,2023
1063,2023-10-05,Alice,South,7859.01,27,Food,2069.08,2246.24,New,0.06,Bank Transfer,Retail,South-Alice,7859.01,55865.159999999996,-48006.149999999994,-6.108422053159367,2023-10,2023Q4,2023
1017,2023-07-15,David,North,5705.19,23,Electronics,1771.52,2147.8,New,0.07,Bank Transfer,Online,North-David,5705.19,40744.96,-35039.77,-6.141735858052054,2023-07,2023Q3,2023
1073,2023-12-18,Eve,West,3196.5,40,Food,157.15,436.53,New,0.04,Cash,Retail,West-Eve,3196.5,6286.0,-3089.5,-0.9665258876896605,2023-12,2023Q4,2023
1033,2023-08-30,Bob,East,6577.99,14,Food,504.3,735.95,Returning,0.21,Cash,Retail,East-Bob,6577.99,7060.2,-482.21000000000004,-0.07330658757462387,2023-08,2023Q3,2023
1084,2023-11-20,Bob,South,2396.98,15,Furniture,3420.72,3513.74,New,0.02,Cash,Online,South-Bob,2396.98,51310.799999999996,-48913.81999999999,-20.406436432510905,2023-11,2023Q4,2023
1077,2023-08-07,Charlie,East,242.38,43,Food,4402.66,4724.7,New,0.1,Bank Transfer,Retail,East-Charlie,242.38,189314.38,-189072.0,-780.0643617460187,2023-08,2023Q3,2023
1092,2023-07-11,Eve,East,7667.1,33,Electronics,2595.42,3083.06,New,0.08,Credit Card,Online,East-Eve,7667.1,85648.86,-77981.76,-10.170959032750321,2023-07,2023Q3,2023
1029,2023-01-17,Charlie,North,6275.06,31,Electronics,2719.0,3133.55,Returning,0.17,Bank Transfer,Retail,North-Charlie,6275.06,84289.0,-78013.94,-12.432381523045198,2023-01,2023Q1,2023
1013,2023-01-12,Alice,West,7646.8,35,Electronics,1312.71,1352.11,Returning,0.22,Bank Transfer,Retail,West-Alice,7646.8,45944.85,-38298.049999999996,-5.008376052727938,2023-01,2023Q1,2023
1046,2023-07-12,Eve,North,485.49,17,Furniture,3850.99,4045.34,Returning,0.16,Credit Card,Online,North-Eve,485.49,65466.829999999994,-64981.34,-133.84691754722033,2023-07,2023Q3,2023
1035,2023-01-22,Alice,North,8387.48,28,Furniture,3771.38,4234.92,New,0.28,Credit Card,Retail,North-Alice,8387.48,105598.64,-97211.16,-11.590031809315791,2023-01,2023Q1,2023
1006,2023-04-30,Charlie,North,6233.31,19,Clothing,2962.41,3218.9,New,0.29,Cash,Retail,North-Charlie,6233.31,56285.78999999999,-50052.479999999996,-8.029839683891863,2023-04,2023Q2,2023
1082,2023-07-29,Eve,East,5677.61,46,Food,1102.69,1437.12,New,0.11,Credit Card,Online,East-Eve,5677.61,50723.740000000005,-45046.130000000005,-7.9339951141413385,2023-07,2023Q3,2023
1069,2023-11-02,Charlie,North,6283.68,23,Furniture,530.24,987.41,Returning,0.23,Credit Card,Online,North-Charlie,6283.68,12195.52,-5911.84,-0.9408244850151504,2023-11,2023Q4,2023
1047,2023-09-27,Eve,North,8657.89,32,Electronics,367.98,806.1400000000001,Returning,0.22,Credit Card,Retail,North-Eve,8657.89,11775.36,-3117.470000000001,-0.360072719796625,2023-09,2023Q3,2023
1025,2023-07-11,Charlie,West,5910.67,40,Electronics,2983.85,3239.74,New,0.27,Credit Card,Online,West-Charlie,5910.67,119354.0,-113443.33,-19.192973047048813,2023-07,2023Q3,2023
1066,2023-06-24,Bob,West,5851.41,13,Furniture,4133.92,4358.37,New,0.13,Cash,Retail,West-Bob,5851.41,53740.96,-47889.55,-8.184275243061075,2023-06,2023Q2,2023
1010,2023-10-12,Charlie,North,9907.72,20,Furniture,4298.74,4475.19,Returning,0.16,Cash,Online,North-Charlie,9907.72,85974.79999999999,-76067.07999999999,-7.677556491301732,2023-10,2023Q4,2023
1056,2023-07-23,Bob,West,7591.63,35,Furniture,2344.93,2707.25,New,0.12,Credit Card,Retail,West-Bob,7591.63,82072.54999999999,-74480.91999999998,-9.810925980323065,2023-07,2023Q3,2023
1030,2023-06-13,Charlie,West,4478.71,5,Clothing,3932.14,4082.76,New,0.26,Credit Card,Online,West-Charlie,4478.71,19660.7,-15181.990000000002,-3.389813138158086,2023-06,2023Q2,2023
1005,2023-09-08,Eve,North,7103.23,9,Electronics,4737.06,4869.5,New,0.07,Cash,Online,North-Eve,7103.23,42633.54,-35530.31,-5.00199345931358,2023-09,2023Q3,2023
1033,2023-08-15,Eve,East,3953.38,29,Clothing,1412.09,1596.65,Returning,0.07,Cash,Online,East-Eve,3953.38,40950.61,-36997.23,-9.358379412047412,2023-08,2023Q3,2023
1065,2023-01-07,Eve,North,2365.87,6,Clothing,2019.9,2116.74,New,0.11,Credit Card,Online,North-Eve,2365.87,12119.400000000001,-9753.530000000002,-4.122597606800037,2023-01,2023Q1,2023
1018,2023-01-29,David,West,6008.83,25,Food,4660.82,5011.429999999999,New,0.07,Bank Transfer,Online,West-David,6008.83,116520.5,-110511.67,-18.391545442290763,2023-01,2023Q1,2023
1096,2023-02-02,Alice,East,9289.0,31,Electronics,1724.24,2036.2,New,0.17,Cash,Online,East-Alice,9289.0,53451.44,-44162.44,-4.754272795779955,2023-02,2023Q1,2023
1049,2023-05-14,Eve,South,9298.48,22,Electronics,4573.69,4820.299999999999,New,0.04,Cash,Online,South-Eve,9298.48,100621.18,-91322.7,-9.821250354896714,2023-05,2023Q2,2023
1011,2023-03-20,Bob,East,3484.86,2,Furniture,4906.17,5107.43,Returning,0.1,Cash,Online,East-Bob,3484.86,9812.34,-6327.48,-1.8157056524508874,2023-03,2023Q1,2023
1085,2023-02-27,Eve,West,5324.01,45,Furniture,3325.96,3781.4,Returning,0.27,Credit Card,Online,West-Eve,5324.01,149668.2,-144344.19,-27.111930668800397,2023-02,2023Q1,2023
1026,2023-01-26,David,East,2195.2,5,Food,4093.61,4117.88,Returning,0.12,Credit Card,Retail,East-David,2195.2,20468.05,-18272.85,-8.324002368804665,2023-01,2023Q1,2023
1063,2023-08-14,Bob,North,9956.75,27,Clothing,3760.25,4147.11,New,0.22,Cash,Online,North-Bob,9956.75,101526.75,-91570.0,-9.19677605644412,2023-08,2023Q3,2023
1089,2023-10-12,David,South,9813.07,25,Furniture,3512.69,3964.63,Returning,0.03,Credit Card,Retail,South-David,9813.07,87817.25,-78004.18,-7.949008821907924,2023-10,2023Q4,2023
1086,2023-01-04,Bob,South,6530.14,8,Furniture,1569.31,1798.02,New,0.07,Credit Card,Online,South-Bob,6530.14,12554.48,-6024.339999999999,-0.9225437739466533,2023-01,2023Q1,2023
1059,2023-04-09,Charlie,South,8063.7,1,Electronics,332.62,612.46,Returning,0.24,Cash,Retail,South-Charlie,8063.7,332.62,7731.08,0.9587509455956943,2023-04,2023Q2,2023
1027,2023-02-08,Alice,West,7179.49,20,Electronics,1748.11,2220.9,New,0.23,Credit Card,Retail,West-Alice,7179.49,34962.2,-27782.71,-3.869733086890573,2023-02,2023Q1,2023
1049,2023-09-28,Alice,West,5972.27,44,Furniture,3351.33,3465.35,Returning,0.12,Bank Transfer,Online,West-Alice,5972.27,147458.52,-141486.25,-23.690531405981307,2023-09,2023Q3,2023
1077,2023-10-12,David,South,628.15,23,Electronics,557.52,822.39,Returning,0.29,Credit Card,Online,South-David,628.15,12822.96,-12194.81,-19.413850195017115,2023-10,2023Q4,2023
1033,2023-06-06,Alice,East,4602.17,32,Food,108.99,351.6,Returning,0.27,Credit Card,Retail,East-Alice,4602.17,3487.68,1114.4900000000002,0.24216619551211715,2023-06,2023Q2,2023
1098,2023-03-16,David,South,6780.38,11,Furniture,741.48,878.09,New,0.29,Cash,Retail,South-David,6780.38,8156.280000000001,-1375.9000000000005,-0.2029237299384401,2023-03,2023Q1,2023
1099,2023-10-15,David,East,6807.56,39,Electronics,3592.89,4004.0,New,0.13,Cash,Online,East-David,6807.56,140122.71,-133315.15,-19.583396988054457,2023-10,2023Q4,2023
1001,2023-05-10,David,East,3793.91,47,Food,4865.33,5316.13,New,0.06,Bank Transfer,Online,East-David,3793.91,228670.51,-224876.6,-59.27304548605529,2023-05,2023Q2,2023
1021,2023-06-24,Alice,West,9422.75,24,Electronics,4916.17,5309.32,Returning,0.19,Credit Card,Online,West-Alice,9422.75,117988.08,-108565.33,-11.521618423496326,2023-06,2023Q2,2023
1055,2023-03-25,David,East,1756.83,11,Electronics,2495.2,2600.93,New,0.21,Bank Transfer,Retail,East-David,1756.83,27447.199999999997,-25690.369999999995,-14.623139404495594,2023-03,2023Q1,2023
1006,2023-01-22,Alice,South,5053.56,29,Electronics,4353.29,4405.8,New,0.04,Bank Transfer,Online,South-Alice,5053.56,126245.41,-121191.85,-23.981480382146447,2023-01,2023Q1,2023
1092,2023-01-27,David,West,6939.75,26,Furniture,3697.29,4003.96,New,0.24,Cash,Online,West-David,6939.75,96129.54,-89189.79,-12.85201772398141,2023-01,2023Q1,2023
1081,2023-07-14,Eve,North,7001.64,16,Clothing,2530.15,2568.13,New,0.01,Credit Card,Online,North-Eve,7001.64,40482.4,-33480.76,-4.781845396221457,2023-07,2023Q3,2023
1069,2023-12-03,David,North,6521.53,35,Electronics,2885.16,3224.84,New,0.14,Cash,Online,North-David,6521.53,100980.59999999999,-94459.06999999999,-14.484188526312076,2023-12,2023Q4,2023
1095,2023-08-24,Bob,West,2825.35,20,Food,729.27,999.18,New,0.1,Bank Transfer,Online,West-Bob,2825.35,14585.4,-11760.05,-4.162333870139983,2023-08,2023Q3,2023
1005,2023-04-02,David,South,1646.45,46,Furniture,4691.42,5026.1900000000005,Returning,0.22,Bank Transfer,Retail,South-David,1646.45,215805.32,-214158.87,-130.07310880986364,2023-04,2023Q2,2023
1003,2023-01-21,Charlie,North,6395.81,3,Furniture,1792.05,2091.23,Returning,0.09,Cash,Retail,North-Charlie,6395.81,5376.15,1019.6600000000008,0.15942624937263625,2023-01,2023Q1,2023
1053,2023-10-30,David,North,6033.09,1,Food,2258.44,2475.56,New,0.25,Cash,Online,North-David,6033.09,2258.44,3774.65,0.6256578303986846,2023-10,2023Q4,2023
1023,2023-12-23,Bob,East,1875.62,47,Electronics,3374.72,3483.15,Returning,0.18,Cash,Online,East-Bob,1875.62,158611.84,-156736.22,-83.56501850054916,2023-12,2023Q4,2023
1053,2023-03-25,Bob,East,7080.88,1,Clothing,1702.82,1862.61,Returning,0.24,Cash,Retail,East-Bob,7080.88,1702.82,5378.06,0.7595185909096045,2023-03,2023Q1,2023
1037,2023-09-19,Alice,South,4606.2,17,Electronics,1308.58,1575.59,New,0.3,Cash,Online,South-Alice,4606.2,22245.86,-17639.66,-3.829547132126265,2023-09,2023Q3,2023
1074,2023-05-27,Eve,West,6710.83,2,Food,3173.69,3503.11,New,0.2,Bank Transfer,Retail,West-Eve,6710.83,6347.38,363.4499999999998,0.054158725522774356,2023-05,2023Q2,2023
1074,2023-09-14,David,South,8389.93,29,Furniture,173.67,565.62,Returning,0.3,Cash,Online,South-David,8389.93,5036.429999999999,3353.500000000001,0.39970536106975874,2023-09,2023Q3,2023
1083,2023-02-27,Alice,West,1780.31,20,Clothing,3617.59,4003.5,New,0.01,Credit Card,Retail,West-Alice,1780.31,72351.8,-70571.49,-39.64000089871989,2023-02,2023Q1,2023
1017,2023-01-15,Eve,North,289.53,6,Furniture,2594.42,3081.04,Returning,0.1,Bank Transfer,Retail,North-Eve,289.53,15566.52,-15276.99,-52.764791213345774,2023-01,2023Q1,2023
1085,2023-06-11,David,East,7813.12,8,Food,3048.48,3198.54,Returning,0.03,Bank Transfer,Online,East-David,7813.12,24387.84,-16574.72,-2.1213958060288336,2023-06,2023Q2,2023
1078,2023-06-12,Charlie,South,6136.0,29,Electronics,3177.81,3222.65,Returning,0.08,Credit Card,Retail,South-Charlie,6136.0,92156.49,-86020.49,-14.018984680573665,2023-06,2023Q2,2023
1073,2023-11-16,David,South,7026.43,48,Clothing,2658.9,2838.27,New,0.25,Credit Card,Online,South-David,7026.43,127627.20000000001,-120600.77000000002,-17.163875538502484,2023-11,2023Q4,2023
1001,2023-10-08,Bob,West,8397.73,33,Furniture,2933.54,3307.75,Returning,0.01,Bank Transfer,Retail,West-Bob,8397.73,96806.81999999999,-88409.09,-10.52773666216942,2023-10,2023Q4,2023
1051,2023-10-07,Bob,West,8047.83,3,Furniture,3434.75,3659.42,New,0.16,Cash,Online,West-Bob,8047.83,10304.25,-2256.42,-0.28037620078952963,2023-10,2023Q4,2023
1045,2023-01-12,Charlie,South,9613.11,35,Furniture,3777.94,4188.66,New,0.17,Bank Transfer,Online,South-Charlie,9613.11,132227.9,-122614.79,-12.754955472266518,2023-01,2023Q1,2023
1077,2023-10-01,Alice,West,5405.76,5,Electronics,3650.89,3930.06,New,0.17,Bank Transfer,Online,West-Alice,5405.76,18254.45,-12848.69,-2.3768517285266086,2023-10,2023Q4,2023
1004,2023-09-28,Eve,South,4936.11,27,Clothing,4354.6,4820.200000000001,New,0.14,Credit Card,Retail,South-Eve,4936.11,117574.20000000001,-112638.09000000001,-22.81920176009044,2023-09,2023Q3,2023
1062,2023-07-27,David,South,4078.68,44,Electronics,987.74,1462.19,New,0.24,Bank Transfer,Online,South-David,4078.68,43460.56,-39381.88,-9.655545421557955,2023-07,2023Q3,2023
1065,2023-01-27,Bob,South,1621.54,12,Electronics,2035.68,2079.64,Returning,0.04,Cash,Online,South-Bob,1621.54,24428.16,-22806.62,-14.06479026110981,2023-01,2023Q1,2023
1032,2023-03-13,Alice,North,5768.81,20,Electronics,4741.59,4975.2300000000005,New,0.09,Credit Card,Online,North-Alice,5768.81,94831.8,-89062.99,-15.438710929983827,2023-03,2023Q1,2023
1034,2023-03-01,Charlie,West,2842.42,45,Food,2013.12,2321.87,New,0.18,Bank Transfer,Retail,West-Charlie,2842.42,90590.4,-87747.98,-30.870870596182126,2023-03,2023Q1,2023
1092,2023-05-25,Bob,East,9220.94,20,Food,668.11,803.49,New,0.21,Bank Transfer,Online,East-Bob,9220.94,13362.2,-4141.26,-0.44911473233748406,2023-05,2023Q2,2023
1095,2023-04-03,Charlie,East,5873.59,9,Food,2650.95,2860.42,New,0.12,Cash,Retail,East-Charlie,5873.59,23858.55,-17984.96,-3.0620046683544473,2023-04,2023Q2,2023
1072,2023-11-05,David,West,5969.12,39,Clothing,591.98,934.04,New,0.26,Bank Transfer,Retail,West-David,5969.12,23087.22,-17118.100000000002,-2.867776154609055,2023-11,2023Q4,2023
1039,2023-01-08,Eve,South,3613.75,4,Electronics,1054.12,1175.2199999999998,Returning,0.12,Bank Transfer,Retail,South-Eve,3613.75,4216.48,-602.7299999999996,-0.16678796264268408,2023-01,2023Q1,2023
1026,2023-03-20,Bob,East,614.69,19,Electronics,4991.68,5296.650000000001,New,0.12,Bank Transfer,Online,East-Bob,614.69,94841.92000000001,-94227.23000000001,-153.29227740812442,2023-03,2023Q1,2023
1034,2023-01-27,Bob,East,414.26,38,Food,2729.75,3081.5,New,0.01,Bank Transfer,Online,East-Bob,414.26,103730.5,-103316.24,-249.3995075556414,2023-01,2023Q1,2023
1054,2023-06-23,David,West,4291.02,27,Electronics,1456.09,1510.4299999999998,Returning,0.17,Cash,Retail,West-David,4291.02,39314.43,-35023.41,-8.162024413775745,2023-06,2023Q2,2023
1003,2023-02-19,Alice,East,937.2,45,Electronics,4974.14,5227.93,New,0.21,Bank Transfer,Online,East-Alice,937.2,223836.30000000002,-222899.1,-237.83514724711907,2023-02,2023Q1,2023
1050,2023-07-18,Eve,South,6107.78,43,Furniture,4834.47,4973.38,Returning,0.03,Bank Transfer,Online,South-Eve,6107.78,207882.21000000002,-201774.43000000002,-33.0356414278183,2023-07,2023Q3,2023
1012,2023-12-15,Bob,West,8821.63,13,Electronics,2231.66,2596.61,Returning,0.09,Bank Transfer,Retail,West-Bob,8821.63,29011.579999999998,-20189.949999999997,-2.2886870113573115,2023-12,2023Q4,2023
1065,2023-06-30,Eve,South,8840.86,13,Furniture,1339.0,1441.88,Returning,0.23,Credit Card,Retail,South-Eve,8840.86,17407.0,-8566.14,-0.9689260999495523,2023-06,2023Q2,2023
1054,2023-01-24,Bob,East,6624.55,22,Electronics,4200.08,4647.28,Returning,0.11,Cash,Online,East-Bob,6624.55,92401.76,-85777.20999999999,-12.948382909027782,2023-01,2023Q1,2023
1005,2023-11-12,Eve,East,2191.2,28,Clothing,3592.32,3813.48,New,0.07,Credit Card,Retail,East-Eve,2191.2,100584.96,-98393.76000000001,-44.9040525739321,2023-11,2023Q4,2023
1094,2023-02-15,Charlie,South,8643.67,47,Food,3450.36,3557.38,New,0.2,Credit Card,Online,South-Charlie,8643.67,162166.92,-153523.25,-17.761350213508845,2023-02,2023Q1,2023
1094,2023-01-15,Bob,North,8872.33,45,Furniture,4470.91,4695.54,Returning,0.06,Cash,Retail,North-Bob,8872.33,201190.94999999998,-192318.62,-21.67622484736253,2023-01,2023Q1,2023
1057,2023-06-02,Eve,East,2046.87,22,Food,3462.61,3672.89,Returning,0.27,Credit Card,Online,East-Eve,2046.87,76177.42,-74130.55,-36.21654037628184,2023-06,2023Q2,2023
1017,2023-08-10,Alice,North,7400.52,43,Furniture,1454.8,1674.97,New,0.03,Credit Card,Online,North-Alice,7400.52,62556.4,-55155.880000000005,-7.452973574829877,2023-08,2023Q3,2023
1047,2023-07-25,Charlie,East,2936.54,19,Furniture,3484.62,3781.55,Returning,0.21,Credit Card,Retail,East-Charlie,2936.54,66207.78,-63271.24,-21.546187009201304,2023-07,2023Q3,2023
1023,2023-09-30,Charlie,North,8046.14,8,Furniture,1563.78,1829.16,Returning,0.15,Cash,Online,North-Charlie,8046.14,12510.24,-4464.099999999999,-0.5548126182243908,2023-09,2023Q3,2023
1079,2023-08-24,Alice,North,9972.66,8,Clothing,3808.23,3891.62,Returning,0.26,Bank Transfer,Online,North-Alice,9972.66,30465.84,-20493.18,-2.0549361955586574,2023-08,2023Q3,2023
1085,2023-12-06,Eve,North,397.26,42,Electronics,3117.75,3159.88,New,0.04,Cash,Retail,North-Eve,397.26,130945.5,-130548.24,-328.6216583597644,2023-12,2023Q4,2023
1014,2023-08-16,David,South,8983.92,26,Furniture,433.19,800.6,Returning,0.2,Cash,Online,South-David,8983.92,11262.94,-2279.0200000000004,-0.25367768190277745,2023-08,2023Q3,2023
1066,2023-01-09,Alice,North,6264.04,48,Clothing,2588.54,2872.8,New,0.17,Cash,Online,North-Alice,6264.04,124249.92,-117985.88,-18.83542889253581,2023-01,2023Q1,2023
1075,2023-06-15,Eve,North,9736.49,26,Furniture,1749.34,1935.25,New,0.14,Credit Card,Online,North-Eve,9736.49,45482.84,-35746.35,-3.6713795217783822,2023-06,2023Q2,2023
1051,2023-11-15,Alice,North,4703.59,23,Electronics,1676.42,2082.52,New,0.15,Bank Transfer,Retail,North-Alice,4703.59,38557.66,-33854.07000000001,-7.197495955217186,2023-11,2023Q4,2023
1038,2023-08-02,Alice,East,8489.14,43,Furniture,3031.17,3231.32,Returning,0.22,Cash,Retail,East-Alice,8489.14,130340.31,-121851.17,-14.35377081777424,2023-08,2023Q3,2023
1064,2023-04-27,Bob,North,717.7,13,Clothing,1645.51,2045.53,Returning,0.28,Cash,Retail,North-Bob,717.7,21391.63,-20673.93,-28.805810227114392,2023-04,2023Q2,2023
1098,2023-12-10,Eve,East,3419.26,28,Electronics,3895.62,4055.44,New,0.03,Bank Transfer,Retail,East-Eve,3419.26,109077.36,-105658.1,-30.9008674391535,2023-12,2023Q4,2023
1038,2023-03-13,David,North,763.46,9,Clothing,400.42,446.11,New,0.01,Bank Transfer,Retail,North-David,763.46,3603.78,-2840.32,-3.7203258847876772,2023-03,2023Q1,2023
1050,2023-03-05,Bob,North,9755.9,20,Electronics,3318.92,3785.91,New,0.24,Bank Transfer,Online,North-Bob,9755.9,66378.4,-56622.49999999999,-5.803923779456533,2023-03,2023Q1,2023
1098,2023-07-24,Alice,South,8188.04,19,Electronics,4055.51,4258.84,Returning,0.03,Credit Card,Online,South-Alice,8188.04,77054.69,-68866.65000000001,-8.41063917616426,2023-07,2023Q3,2023
1082,2023-07-28,Alice,East,8540.22,48,Food,3380.52,3778.94,Returning,0.3,Bank Transfer,Online,East-Alice,8540.22,162264.96,-153724.74,-18.000091332541786,2023-07,2023Q3,2023
1030,2023-03-13,Alice,North,9385.86,39,Food,2511.28,2658.0600000000004,New,0.19,Credit Card,Retail,North-Alice,9385.86,97939.92000000001,-88554.06000000001,-9.43483708472106,2023-03,2023Q1,2023
1079,2023-10-04,Eve,East,942.52,12,Food,4754.02,5080.740000000001,New,0.2,Cash,Online,East-Eve,942.52,57048.240000000005,-56105.72000000001,-59.52735220472776,2023-10,2023Q4,2023
1091,2023-10-01,Eve,East,3917.42,15,Electronics,1534.7,1972.62,Returning,0.06,Credit Card,Retail,East-Eve,3917.42,23020.5,-19103.08,-4.876444190308928,2023-10,2023Q4,2023
1051,2023-11-16,Bob,West,803.25,31,Furniture,144.88,175.29,New,0.07,Bank Transfer,Online,West-Bob,803.25,4491.28,-3688.0299999999997,-4.5913849984438215,2023-11,2023Q4,2023
1063,2023-12-04,David,South,2186.85,14,Clothing,2188.35,2605.36,Returning,0.2,Credit Card,Retail,South-David,2186.85,30636.899999999998,-28450.05,-13.009602853419302,2023-12,2023Q4,2023
1098,2024-01-01,Bob,South,2370.72,11,Clothing,213.41,503.36,Returning,0.27,Bank Transfer,Online,South-Bob,2370.72,2347.5099999999998,23.210000000000036,0.009790274684484054,2024-01,2024Q1,2024
1052,2023-04-05,Charlie,South,4744.16,26,Clothing,4771.99,5079.65,New,0.29,Credit Card,Online,South-Charlie,4744.16,124071.73999999999,-119327.57999999999,-25.152520151091025,2023-04,2023Q2,2023
1038,2023-06-15,Alice,West,2758.77,42,Food,1089.09,1355.44,New,0.06,Cash,Retail,West-Alice,2758.77,45741.78,-42983.01,-15.580497830554922,2023-06,2023Q2,2023
1097,2023-02-01,Alice,West,1099.68,27,Electronics,3955.19,4393.68,Returning,0.04,Credit Card,Online,West-Alice,1099.68,106790.13,-105690.45000000001,-96.11018659973811,2023-02,2023Q1,2023
1088,2023-01-11,Alice,South,1758.16,11,Food,3884.13,3915.41,Returning,0.02,Cash,Online,South-Alice,1758.16,42725.43,-40967.27,-23.301218319151836,2023-01,2023Q1,2023
1079,2023-10-28,Bob,West,1558.03,38,Furniture,1127.76,1265.66,Returning,0.26,Bank Transfer,Retail,West-Bob,1558.03,42854.88,-41296.85,-26.505811826473174,2023-10,2023Q4,2023
1030,2023-08-05,Bob,West,9733.46,34,Electronics,3125.07,3564.19,Returning,0.09,Cash,Online,West-Bob,9733.46,106252.38,-96518.92000000001,-9.916198350843382,2023-08,2023Q3,2023
1051,2023-10-16,Alice,West,7617.0,43,Clothing,287.99,666.64,Returning,0.0,Bank Transfer,Online,West-Alice,7617.0,12383.57,-4766.57,-0.6257804910069581,2023-10,2023Q4,2023
1081,2023-04-12,Bob,South,9680.84,19,Food,2443.69,2462.34,New,0.07,Bank Transfer,Retail,South-Bob,9680.84,46430.11,-36749.270000000004,-3.7960827779407578,2023-04,2023Q2,2023
1005,2023-09-24,Eve,South,4453.43,6,Food,122.5,385.83,Returning,0.1,Cash,Retail,South-Eve,4453.43,735.0,3718.4300000000003,0.8349586723042689,2023-09,2023Q3,2023
1029,2023-08-02,Eve,South,2855.85,46,Furniture,4609.66,4879.15,Returning,0.3,Cash,Retail,South-Eve,2855.85,212044.36,-209188.50999999998,-73.24912372848713,2023-08,2023Q3,2023
1004,2023-06-28,Bob,West,8003.1,38,Furniture,4881.63,5088.06,Returning,0.16,Credit Card,Retail,West-Bob,8003.1,185501.94,-177498.84,-22.17876073021704,2023-06,2023Q2,2023
1010,2023-03-29,Alice,South,3329.91,49,Food,1150.3,1306.02,New,0.06,Credit Card,Retail,South-Alice,3329.91,56364.7,-53034.78999999999,-15.926793817250315,2023-03,2023Q1,2023
1056,2023-02-10,Bob,West,3063.9,42,Furniture,1080.12,1424.1699999999998,New,0.1,Cash,Online,West-Bob,3063.9,45365.03999999999,-42301.13999999999,-13.806305688827962,2023-02,2023Q1,2023
1017,2023-03-17,Bob,North,2401.81,28,Clothing,3780.91,3892.73,Returning,0.1,Cash,Retail,North-Bob,2401.81,105865.48,-103463.67,-43.07737497970281,2023-03,2023Q1,2023
1074,2023-02-15,Bob,West,1383.82,1,Furniture,1304.23,1705.71,Returning,0.01,Cash,Retail,West-Bob,1383.82,1304.23,79.58999999999992,0.05751470566981249,2023-02,2023Q1,2023
1017,2023-06-09,Charlie,East,2638.98,35,Furniture,4480.63,4884.12,New,0.04,Cash,Online,East-Charlie,2638.98,156822.05000000002,-154183.07,-58.42525142289824,2023-06,2023Q2,2023
1084,2023-03-21,Eve,South,3617.67,40,Food,2890.95,3104.43,New,0.21,Bank Transfer,Online,South-Eve,3617.67,115638.0,-112020.33,-30.964772906318156,2023-03,2023Q1,2023
1088,2023-11-06,David,South,6772.54,8,Food,1786.35,1935.29,New,0.04,Cash,Online,South-David,6772.54,14290.8,-7518.259999999999,-1.110109353359301,2023-11,2023Q4,2023
1069,2023-03-27,David,East,719.39,47,Electronics,4171.83,4320.93,New,0.07,Cash,Online,East-David,719.39,196076.01,-195356.62,-271.55870946218323,2023-03,2023Q1,2023
1034,2023-04-02,Charlie,West,2184.02,7,Electronics,2492.36,2738.6800000000003,Returning,0.11,Cash,Online,West-Charlie,2184.02,17446.52,-15262.5,-6.9882601807675755,2023-04,2023Q2,2023
1006,2023-05-28,Bob,North,8109.33,11,Food,4562.58,4925.17,New,0.23,Cash,Retail,North-Bob,8109.33,50188.38,-42079.049999999996,-5.188967522594345,2023-05,2023Q2,2023
1053,2023-06-10,Charlie,East,1554.53,39,Furniture,4643.67,4829.52,Returning,0.17,Bank Transfer,Online,East-Charlie,1554.53,181103.13,-179548.6,-115.50024766328087,2023-06,2023Q2,2023
1066,2023-07-21,Charlie,East,3492.19,4,Furniture,868.83,1177.75,Returning,0.21,Credit Card,Retail,East-Charlie,3492.19,3475.32,16.86999999999989,0.004830779539486652,2023-07,2023Q3,2023
1077,2023-08-30,Alice,West,8660.12,25,Electronics,61.5,258.92,New,0.17,Credit Card,Online,West-Alice,8660.12,1537.5,7122.620000000001,0.8224620444058512,2023-08,2023Q3,2023
1043,2023-12-19,Eve,South,1633.76,12,Electronics,4920.46,5079.68,New,0.21,Credit Card,Retail,South-Eve,1633.76,59045.520000000004,-57411.76,-35.140877485065126,2023-12,2023Q4,2023
1075,2023-01-02,David,West,919.09,26,Electronics,4535.38,4557.56,New,0.0,Credit Card,Online,West-David,919.09,117919.88,-117000.79000000001,-127.30068872471685,2023-01,2023Q1,2023
1023,2023-08-13,Bob,East,4896.93,38,Clothing,324.45,336.37,New,0.28,Credit Card,Retail,East-Bob,4896.93,12329.1,-7432.17,-1.5177202859750905,2023-08,2023Q3,2023
1055,2023-10-16,David,East,3093.95,46,Clothing,4173.52,4294.85,Returning,0.03,Bank Transfer,Retail,East-David,3093.95,191981.92,-188887.97,-61.05075065854329,2023-10,2023Q4,2023
1080,2023-08-21,David,South,5677.74,12,Electronics,2316.13,2525.27,Returning,0.12,Credit Card,Retail,South-David,5677.74,27793.56,-22115.82,-3.8951801244861515,2023-08,2023Q3,2023
1095,2023-03-18,Eve,South,8057.67,43,Furniture,1331.86,1758.98,Returning,0.23,Bank Transfer,Retail,South-Eve,8057.67,57269.979999999996,-49212.31,-6.10751122843204,2023-03,2023Q1,2023
1075,2023-04-26,David,South,1457.77,37,Electronics,4399.8,4801.06,New,0.13,Bank Transfer,Retail,South-David,1457.77,162792.6,-161334.83000000002,-110.67234886161741,2023-04,2023Q2,2023
1016,2023-06-03,David,West,5848.92,46,Clothing,1023.5,1164.41,Returning,0.28,Credit Card,Retail,West-David,5848.92,47081.0,-41232.08,-7.049520253311723,2023-06,2023Q2,2023
1008,2023-04-13,Charlie,South,5104.54,24,Furniture,4739.13,4868.95,New,0.14,Credit Card,Retail,South-Charlie,5104.54,113739.12,-108634.58,-21.281952928177663,2023-04,2023Q2,2023
1004,2023-07-13,Eve,East,1526.38,16,Clothing,1067.83,1189.22,Returning,0.26,Credit Card,Retail,East-Eve,1526.38,17085.28,-15558.899999999998,-10.193333245980684,2023-07,2023Q3,2023
1004,2023-06-15,Alice,East,6277.59,13,Furniture,3087.73,3263.96,New,0.24,Cash,Retail,East-Alice,6277.59,40140.49,-33862.899999999994,-5.394251615667795,2023-06,2023Q2,2023
1056,2023-12-25,Bob,North,2809.04,25,Clothing,1154.28,1408.4,Returning,0.29,Bank Transfer,Retail,North-Bob,2809.04,28857.0,-26047.96,-9.272904622219691,2023-12,2023Q4,2023
1025,2023-03-31,David,West,4929.56,4,Furniture,2751.06,2976.01,Returning,0.28,Credit Card,Online,West-David,4929.56,11004.24,-6074.679999999999,-1.23229659442222,2023-03,2023Q1,2023
1067,2023-06-23,Bob,North,914.5,11,Furniture,3435.68,3552.63,New,0.27,Cash,Retail,North-Bob,914.5,37792.479999999996,-36877.979999999996,-40.325839256424274,2023-06,2023Q2,2023
1096,2023-05-02,Alice,East,4649.88,32,Furniture,991.63,1065.55,Returning,0.22,Bank Transfer,Retail,East-Alice,4649.88,31732.16,-27082.28,-5.824296540986004,2023-05,2023Q2,2023
1067,2023-05-23,Bob,North,3133.99,49,Furniture,2628.38,2644.54,Returning,0.11,Cash,Online,North-Bob,3133.99,128790.62000000001,-125656.63,-40.09477694568267,2023-05,2023Q2,2023
1027,2023-04-16,Alice,East,8241.57,7,Food,2371.85,2457.29,New,0.03,Cash,Retail,East-Alice,8241.57,16602.95,-8361.380000000001,-1.0145372786981124,2023-04,2023Q2,2023
1093,2023-11-01,Charlie,North,664.09,46,Clothing,401.64,757.26,New,0.21,Credit Card,Retail,North-Charlie,664.09,18475.44,-17811.35,-26.820686955081385,2023-11,2023Q4,2023
1032,2023-12-26,David,South,4244.21,11,Clothing,4100.62,4230.0,New,0.29,Bank Transfer,Online,South-David,4244.21,45106.82,-40862.61,-9.627848292143886,2023-12,2023Q4,2023
1050,2023-11-13,Alice,North,4638.47,28,Food,1711.63,1951.24,New,0.22,Cash,Online,North-Alice,4638.47,47925.64,-43287.17,-9.332208680879686,2023-11,2023Q4,2023
1061,2023-05-03,Bob,South,7277.56,41,Furniture,2894.18,3193.92,New,0.28,Bank Transfer,Retail,South-Bob,7277.56,118661.37999999999,-111383.81999999999,-15.305105007722366,2023-05,2023Q2,2023
1051,2023-01-09,David,South,5785.45,23,Furniture,2598.18,3042.73,Returning,0.24,Credit Card,Online,South-David,5785.45,59758.14,-53972.69,-9.32903922771781,2023-01,2023Q1,2023
1019,2023-09-19,Charlie,West,6705.4,45,Clothing,2590.64,3036.18,New,0.05,Bank Transfer,Retail,West-Charlie,6705.4,116578.79999999999,-109873.4,-16.385808452888718,2023-09,2023Q3,2023
1021,2023-03-14,David,South,7792.79,23,Food,580.75,956.16,Returning,0.07,Cash,Retail,South-David,7792.79,13357.25,-5564.46,-0.7140523483887029,2023-03,2023Q1,2023
1005,2023-12-25,Alice,South,8635.81,28,Furniture,2146.24,2173.47,Returning,0.1,Cash,Retail,South-Alice,8635.81,60094.719999999994,-51458.909999999996,-5.95878209455743,2023-12,2023Q4,2023
1082,2023-08-11,Charlie,North,3207.37,43,Furniture,2289.22,2581.0,New,0.05,Bank Transfer,Online,North-Charlie,3207.37,98436.45999999999,-95229.09,-29.69070921034991,2023-08,2023Q3,2023
1092,2023-02-10,Bob,East,5426.42,47,Furniture,3681.53,4076.96,Returning,0.17,Cash,Retail,East-Bob,5426.42,173031.91,-167605.49,-30.88693650694196,2023-02,2023Q1,2023
1042,2023-07-23,Charlie,West,8417.07,26,Electronics,4208.09,4226.56,Returning,0.29,Cash,Retail,West-Charlie,8417.07,109410.34,-100993.26999999999,-11.998625412405978,2023-07,2023Q3,2023
1061,2023-09-21,Charlie,South,9895.57,25,Food,2747.66,3027.01,New,0.23,Cash,Online,South-Charlie,9895.57,68691.5,-58795.93,-5.941641562840746,2023-09,2023Q3,2023
1022,2023-11-24,Eve,West,8906.24,29,Furniture,479.58,909.88,Returning,0.13,Credit Card,Retail,West-Eve,8906.24,13907.82,-5001.58,-0.561581542828399,2023-11,2023Q4,2023
1021,2023-06-27,Charlie,North,3777.53,19,Electronics,1222.4,1464.71,New,0.0,Credit Card,Retail,North-Charlie,3777.53,23225.600000000002,-19448.070000000003,-5.148356201009655,2023-06,2023Q2,2023
1070,2023-12-14,Charlie,South,2032.15,33,Food,866.42,878.43,New,0.09,Cash,Retail,South-Charlie,2032.15,28591.859999999997,-26559.709999999995,-13.069758630022386,2023-12,2023Q4,2023
1001,2023-11-14,David,North,4944.99,36,Furniture,666.84,682.24,New,0.16,Bank Transfer,Retail,North-David,4944.99,24006.24,-19061.25,-3.8546589578543133,2023-11,2023Q4,2023
1005,2023-03-25,Bob,West,7442.25,14,Clothing,1861.2,2075.35,Returning,0.1,Credit Card,Retail,West-Bob,7442.25,26056.8,-18614.55,-2.50119923410259,2023-03,2023Q1,2023
1012,2023-11-14,David,North,4976.43,14,Electronics,1185.5,1271.45,Returning,0.03,Bank Transfer,Retail,North-David,4976.43,16597.0,-11620.57,-2.3351217639954744,2023-11,2023Q4,2023
1090,2023-04-21,David,West,4883.49,35,Electronics,1130.6,1466.1799999999998,Returning,0.13,Cash,Online,West-David,4883.49,39571.0,-34687.51,-7.1030164902559445,2023-04,2023Q2,2023
1046,2023-09-08,Alice,North,8398.48,30,Furniture,320.73,678.04,Returning,0.08,Cash,Retail,North-Alice,8398.48,9621.900000000001,-1223.420000000002,-0.14567159771768248,2023-09,2023Q3,2023
1034,2023-01-07,David,West,3677.9,28,Furniture,137.47,234.63,New,0.27,Bank Transfer,Retail,West-David,3677.9,3849.16,-171.25999999999976,-0.04656461567742455,2023-01,2023Q1,2023
1049,2023-03-25,Eve,East,8611.97,17,Electronics,558.7,1004.08,Returning,0.03,Credit Card,Online,East-Eve,8611.97,9497.900000000001,-885.9300000000021,-0.10287193290269267,2023-03,2023Q1,2023
1078,2023-07-27,Eve,North,4127.37,3,Clothing,902.38,1128.91,New,0.01,Bank Transfer,Retail,North-Eve,4127.37,2707.14,1420.23,0.34410048045123165,2023-07,2023Q3,2023
1090,2023-11-10,Alice,North,3349.51,16,Clothing,2183.37,2263.36,Returning,0.0,Bank Transfer,Retail,North-Alice,3349.51,34933.92,-31584.409999999996,-9.429561338822692,2023-11,2023Q4,2023
1045,2023-01-22,Bob,East,4594.5,46,Food,2577.08,2961.56,Returning,0.1,Cash,Online,East-Bob,4594.5,118545.68,-113951.18,-24.801649798672322,2023-01,2023Q1,2023
1027,2023-01-03,Bob,East,7648.22,30,Furniture,745.93,1143.02,Returning,0.2,Credit Card,Online,East-Bob,7648.22,22377.899999999998,-14729.679999999997,-1.9258964831032575,2023-01,2023Q1,2023
1073,2023-05-07,David,North,1347.42,29,Clothing,2152.68,2475.93,Returning,0.22,Bank Transfer,Online,North-David,1347.42,62427.719999999994,-61080.299999999996,-45.33129981742886,2023-05,2023Q2,2023
1026,2023-10-24,David,East,2044.55,45,Food,1741.66,2169.86,Returning,0.14,Credit Card,Online,East-David,2044.55,78374.7,-76330.15,-37.333471913134915,2023-10,2023Q4,2023
1047,2023-07-07,David,South,9519.3,15,Clothing,957.95,1329.26,New,0.21,Cash,Online,South-David,9519.3,14369.25,-4849.950000000001,-0.5094859916170308,2023-07,2023Q3,2023
1086,2023-12-28,Bob,West,1837.37,46,Furniture,83.86,526.14,Returning,0.11,Credit Card,Online,West-Bob,1837.37,3857.56,-2020.19,-1.099500917071684,2023-12,2023Q4,2023
1056,2023-01-14,Charlie,West,5720.5,25,Food,2361.74,2584.35,Returning,0.2,Cash,Online,West-Charlie,5720.5,59043.49999999999,-53322.99999999999,-9.321387990560265,2023-01,2023Q1,2023
1094,2023-01-12,Eve,West,5835.21,38,Food,3443.98,3820.3,Returning,0.01,Credit Card,Retail,West-Eve,5835.21,130871.24,-125036.03,-21.42785435314239,2023-01,2023Q1,2023
1063,2023-03-28,Charlie,South,4947.28,42,Food,1170.07,1669.9499999999998,Returning,0.12,Bank Transfer,Retail,South-Charlie,4947.28,49142.939999999995,-44195.659999999996,-8.933324978574085,2023-03,2023Q1,2023
1048,2023-01-12,Charlie,East,6482.98,47,Clothing,702.44,1067.66,New,0.24,Cash,Retail,East-Charlie,6482.98,33014.68,-26531.7,-4.092516095992893,2023-01,2023Q1,2023
1061,2023-01-25,Bob,East,2375.28,38,Furniture,4440.86,4506.81,Returning,0.24,Bank Transfer,Online,East-Bob,2375.28,168752.68,-166377.4,-70.04538412313495,2023-01,2023Q1,2023
1081,2023-10-28,Charlie,North,5571.36,23,Food,1411.37,1675.35,New,0.21,Cash,Retail,North-Charlie,5571.36,32461.51,-26890.149999999998,-4.826496582522041,2023-10,2023Q4,2023
1026,2023-08-31,Alice,East,3784.52,25,Electronics,1156.88,1454.68,Returning,0.06,Credit Card,Online,East-Alice,3784.52,28922.000000000004,-25137.480000000003,-6.642184477820174,2023-08,2023Q3,2023
1036,2023-05-02,David,North,6650.51,42,Furniture,4292.63,4387.99,New,0.07,Credit Card,Retail,North-David,6650.51,180290.46,-173639.94999999998,-26.10926831175353,2023-05,2023Q2,2023
1001,2023-05-27,Alice,South,1498.11,7,Electronics,4094.68,4576.5,New,0.3,Cash,Retail,South-Alice,1498.11,28662.76,-27164.649999999998,-18.132613760004272,2023-05,2023Q2,2023
1008,2023-02-24,Eve,West,5751.69,22,Electronics,2269.32,2365.3500000000004,New,0.03,Cash,Retail,West-Eve,5751.69,49925.04,-44173.35,-7.680064468008533,2023-02,2023Q1,2023
1099,2023-08-26,David,West,1934.18,17,Food,2471.73,2568.73,New,0.05,Cash,Retail,West-David,1934.18,42019.41,-40085.23,-20.724663681766952,2023-08,2023Q3,2023
1052,2023-12-22,Charlie,West,2858.57,18,Food,1127.86,1586.29,New,0.04,Credit Card,Online,West-Charlie,2858.57,20301.48,-17442.91,-6.101970565702431,2023-12,2023Q4,2023
1079,2023-06-22,Eve,East,2265.23,49,Clothing,437.59,675.54,Returning,0.1,Cash,Online,East-Eve,2265.23,21441.91,-19176.68,-8.465665738136966,2023-06,2023Q2,2023
1047,2023-08-09,David,North,1910.09,41,Clothing,2888.49,2929.45,New,0.06,Cash,Retail,North-David,1910.09,118428.09,-116518.0,-61.00131407420593,2023-08,2023Q3,2023
1056,2023-04-29,Charlie,North,8274.54,10,Clothing,536.81,839.92,Returning,0.15,Bank Transfer,Online,North-Charlie,8274.54,5368.099999999999,2906.4400000000014,0.35125094567190457,2023-04,2023Q2,2023
1086,2023-11-05,Alice,South,2928.5,10,Furniture,2273.91,2578.8,New,0.14,Cash,Online,South-Alice,2928.5,22739.1,-19810.6,-6.764760116100392,2023-11,2023Q4,2023
1014,2023-07-02,David,East,9278.53,7,Clothing,4705.46,4747.07,New,0.27,Bank Transfer,Retail,East-David,9278.53,32938.22,-23659.690000000002,-2.5499394839484273,2023-07,2023Q3,2023
1090,2023-10-15,Charlie,South,9702.27,48,Electronics,4766.53,5253.07,Returning,0.01,Bank Transfer,Online,South-Charlie,9702.27,228793.44,-219091.17,-22.581434035540138,2023-10,2023Q4,2023
1028,2023-11-03,Alice,North,5755.48,38,Clothing,1234.69,1511.26,New,0.1,Bank Transfer,Online,North-Alice,5755.48,46918.22,-41162.740000000005,-7.151921299352966,2023-11,2023Q4,2023
1087,2023-10-27,Eve,North,1515.71,27,Food,3139.36,3423.6600000000003,New,0.18,Credit Card,Online,North-Eve,1515.71,84762.72,-83247.01,-54.922782062531745,2023-10,2023Q4,2023
1078,2023-03-23,Eve,West,3808.03,33,Clothing,2396.68,2661.54,New,0.18,Bank Transfer,Online,West-Eve,3808.03,79090.43999999999,-75282.40999999999,-19.769384694973514,2023-03,2023Q1,2023
1088,2023-07-30,Eve,East,7997.55,1,Furniture,4384.64,4693.900000000001,New,0.14,Cash,Retail,East-Eve,7997.55,4384.64,3612.91,0.4517520990803433,2023-07,2023Q3,2023
1002,2023-05-30,Eve,North,3737.17,44,Furniture,1393.58,1533.09,Returning,0.24,Credit Card,Retail,North-Eve,3737.17,61317.52,-57580.35,-15.407474104737005,2023-05,2023Q2,2023
1026,2023-02-06,Bob,West,961.47,34,Electronics,68.33,219.08,New,0.02,Credit Card,Online,West-Bob,961.47,2323.22,-1361.7499999999998,-1.4163208420439533,2023-02,2023Q1,2023
1014,2023-12-18,David,East,5612.17,4,Furniture,854.68,1115.24,New,0.24,Credit Card,Retail,East-David,5612.17,3418.72,2193.4500000000003,0.390838125003341,2023-12,2023Q4,2023
1059,2023-11-08,David,South,8466.7,17,Clothing,1780.14,2185.42,Returning,0.15,Credit Card,Retail,South-David,8466.7,30262.38,-21795.68,-2.574282778414258,2023-11,2023Q4,2023
1056,2023-12-27,Bob,East,7979.67,4,Food,1612.82,1647.25,Returning,0.04,Credit Card,Retail,East-Bob,7979.67,6451.28,1528.3900000000003,0.19153548956285163,2023-12,2023Q4,2023
1007,2023-02-28,Charlie,East,1833.72,43,Furniture,3967.25,4272.92,New,0.27,Credit Card,Online,East-Charlie,1833.72,170591.75,-168758.03,-92.0304244922889,2023-02,2023Q1,2023
1003,2023-05-11,Charlie,North,6760.37,26,Electronics,3418.78,3824.1,New,0.19,Credit Card,Online,North-Charlie,6760.37,88888.28,-82127.91,-12.14843418333612,2023-05,2023Q2,2023
1023,2023-07-21,Eve,North,2282.99,4,Clothing,1532.8,1619.69,Returning,0.05,Bank Transfer,Retail,North-Eve,2282.99,6131.2,-3848.21,-1.685600900573371,2023-07,2023Q3,2023
1018,2023-08-31,Alice,East,2260.25,1,Electronics,2315.83,2333.19,New,0.01,Cash,Retail,East-Alice,2260.25,2315.83,-55.57999999999993,-0.024590200199092988,2023-08,2023Q3,2023
1038,2023-02-04,Charlie,North,8753.31,7,Furniture,523.02,686.25,Returning,0.04,Cash,Online,North-Charlie,8753.31,3661.14,5092.17,0.5817422209427063,2023-02,2023Q1,2023
1099,2023-04-03,Alice,North,2571.72,30,Furniture,4495.82,4794.009999999999,New,0.18,Bank Transfer,Retail,North-Alice,2571.72,134874.59999999998,-132302.87999999998,-51.44528953385282,2023-04,2023Q2,2023
1015,2023-07-26,David,North,2706.15,9,Electronics,4680.35,4758.110000000001,Returning,0.05,Bank Transfer,Online,North-David,2706.15,42123.15,-39417.0,-14.565711435064575,2023-07,2023Q3,2023
1064,2023-12-19,Alice,West,106.47,35,Clothing,4900.03,5118.83,Returning,0.07,Credit Card,Retail,West-Alice,106.47,171501.05,-171394.58,-1609.792241946088,2023-12,2023Q4,2023
1089,2023-11-28,David,West,8719.62,8,Furniture,4349.34,4629.9800000000005,Returning,0.01,Credit Card,Online,West-David,8719.62,34794.72,-26075.1,-2.990394076806099,2023-11,2023Q4,2023
1028,2023-11-01,Bob,East,7946.69,24,Food,911.11,1214.56,New,0.22,Bank Transfer,Online,East-Bob,7946.69,21866.64,-13919.95,-1.7516664170868628,2023-11,2023Q4,2023
1074,2023-12-16,Bob,North,6310.56,19,Furniture,278.67,423.13,New,0.24,Credit Card,Online,North-Bob,6310.56,5294.7300000000005,1015.8299999999999,0.16097303567353766,2023-12,2023Q4,2023
1039,2023-08-01,Eve,West,7527.63,36,Clothing,2919.0,3125.01,New,0.24,Cash,Online,West-Eve,7527.63,105084.0,-97556.37,-12.95977219921808,2023-08,2023Q3,2023
1057,2023-06-08,Charlie,East,1605.28,43,Furniture,4567.39,4958.780000000001,New,0.04,Cash,Retail,East-Charlie,1605.28,196397.77000000002,-194792.49000000002,-121.34486818498955,2023-06,2023Q2,2023
1017,2023-01-24,Eve,North,4637.4,27,Electronics,927.89,1399.09,Returning,0.27,Credit Card,Online,North-Eve,4637.4,25053.03,-20415.629999999997,-4.4023871134687536,2023-01,2023Q1,2023
1086,2023-10-20,David,South,3577.07,32,Furniture,84.86,517.18,Returning,0.2,Credit Card,Retail,South-David,3577.07,2715.52,861.5500000000002,0.24085354773599627,2023-10,2023Q4,2023
1090,2023-01-04,Eve,North,1028.39,14,Furniture,4037.21,4323.71,Returning,0.27,Credit Card,Online,North-Eve,1028.39,56520.94,-55492.55,-53.96060832952479,2023-01,2023Q1,2023
1044,2023-08-08,Alice,North,4912.69,18,Clothing,430.14,641.18,New,0.13,Cash,Online,North-Alice,4912.69,7742.5199999999995,-2829.83,-0.5760245405266768,2023-08,2023Q3,2023
1025,2023-12-30,David,West,9215.32,28,Electronics,2097.84,2270.99,New,0.13,Credit Card,Retail,West-David,9215.32,58739.520000000004,-49524.200000000004,-5.374116145722558,2023-12,2023Q4,2023
1017,2023-01-20,Bob,East,496.59,29,Clothing,3410.49,3481.72,New,0.24,Bank Transfer,Retail,East-Bob,496.59,98904.20999999999,-98407.62,-198.1667371473449,2023-01,2023Q1,2023
1013,2023-06-01,Charlie,East,2985.46,16,Furniture,1222.15,1284.36,Returning,0.03,Credit Card,Retail,East-Charlie,2985.46,19554.4,-16568.940000000002,-5.54987841069718,2023-06,2023Q2,2023
1084,2023-02-19,David,West,2154.66,35,Food,465.61,812.9100000000001,New,0.16,Bank Transfer,Online,West-David,2154.66,16296.35,-14141.69,-6.5633046513138975,2023-02,2023Q1,2023
1025,2023-06-26,David,North,2457.65,47,Furniture,3861.61,3998.91,New,0.25,Credit Card,Online,North-David,2457.65,181495.67,-179038.02000000002,-72.84927471364922,2023-06,2023Q2,2023
1068,2023-04-06,Alice,South,9093.5,31,Clothing,3169.37,3304.15,Returning,0.25,Credit Card,Retail,South-Alice,9093.5,98250.47,-89156.97,-9.804472425358773,2023-04,2023Q2,2023
1010,2023-04-15,Charlie,North,4733.88,4,Food,4943.03,5442.15,Returning,0.29,Cash,Online,North-Charlie,4733.88,19772.12,-15038.239999999998,-3.176726068256905,2023-04,2023Q2,2023
1067,2023-09-07,Bob,North,4716.36,37,Clothing,1754.32,1856.4,New,0.21,Bank Transfer,Retail,North-Bob,4716.36,64909.84,-60193.479999999996,-12.762698352119006,2023-09,2023Q3,2023
1018,2023-04-27,David,South,7629.7,17,Clothing,355.72,438.27,Returning,0.06,Bank Transfer,Online,South-David,7629.7,6047.240000000001,1582.4599999999991,0.20740789283982322,2023-04,2023Q2,2023
1100,2023-12-20,David,West,1629.47,39,Electronics,3685.03,3743.39,New,0.01,Bank Transfer,Online,West-David,1629.47,143716.17,-142086.7,-87.19810736006187,2023-12,2023Q4,2023
1086,2023-08-16,Alice,East,4923.93,48,Food,2632.58,2926.68,Returning,0.14,Cash,Online,East-Alice,4923.93,126363.84,-121439.91,-24.663208047230565,2023-08,2023Q3,2023
